집계일자,시군명,구분명,전화번호안내,소재지우편번호,소재지지번주소,소재지도로명주소,logitude,latitude
2015-09-18,여주시,가남읍,031-887-3832,469884,경기도 여주시 가남읍 태평리 138-8번지,경기도 여주시 가남읍 태평중앙1길 20,127.5449956,37.2015967
2015-09-18,의정부시,가능1동,031-828-4200,480101,경기도 의정부시 가능동 653-23번지,경기도 의정부시 신흥로 367,127.042287,37.7490565
2015-09-18,의정부시,가능2동,031-828-4210,480102,경기도 의정부시 가능동 831-1번지,경기도 의정부시 의정로88번길 9,127.0355295,37.7408239
2015-09-18,의정부시,가능3동,031-828-4220,480103,경기도 의정부시 가능동 702-10번지,경기도 의정부시 호국로1135번길 15,127.0296717,37.7434239
2015-09-18,포천시,가산면,031-538-3904,487814,경기도 포천시 가산면 마산리 601-1번지,경기도 포천시 가산면 선마로 223,127.1861447,37.84821
2015-09-18,가평군,가평군청,031-580-2114,477701,경기도 가평군 가평읍 읍내리 513번지,경기도 가평군 가평읍 석봉로 181,127.5097056,37.8313181
2015-09-18,가평군,가평읍,031-582-3002,477805,경기도 가평군 가평읍 읍내리 366번지,경기도 가평군 가평읍 가화로 62,127.5165387,37.8253601
2015-09-18,구리시,갈매동,031-550-2601,471858,구리시 산마루로 1 (갈매동 256-14),,127.116307,37.6348
2015-09-18,안양시,갈산동,031-8045-4760,431088,경기도 안양시 동안구 호계동 1118번지,경기도 안양시 동안구 흥안대로223번길 30,126.9661696,37.376144
2015-09-18,과천시,갈현동,02-2150-3200,427100,경기도 과천시 갈현동 679번지,경기도 과천시 중앙로 28,126.9891188,37.4193613
2015-09-18,하남시,감북동,031-790-6608,465180,경기도 하남시 감북동 328번지,경기도 하남시 감북로 39,127.1617394,37.5162035
2015-09-18,양평군,강상면,031-770-3041,476911,경기도 양평군 강상면 교평리 592-1번지,경기도 양평군 강상면 신화길 10,127.4854803,37.4772043
2015-09-18,여주시,강천면,031-887-3982,469862,경기도 여주시 강천면 간매리 311-2번지,경기도 여주시 강천면 긴등길 5,127.7116242,37.2731411
2015-09-18,양평군,강하면,031-770-3071,476922,경기도 양평군 강하면 운심리 35-1번지,경기도 양평군 강하면 운심길 40,127.4105142,37.4958365
2015-09-18,양평군,개군면,031-770-3341,476893,경기도 양평군 개군면 하자포리 262-2번지,경기도 양평군 개군면 하자포길33번길 8,127.536798,37.4259891
2015-09-18,의정부시,경기도북부청,120,480764,경기도 의정부시 신곡동 800번지,경기도 의정부시 청사로 1,127.0716827,37.7475359
2015-09-18,수원시,경기도청,120,442781,경기도 수원시 팔달구 매산로3가 1-1번지,경기도 수원시 팔달구 효원로 1,127.0096199,37.2746669
2015-09-18,광주시,경안동,031-760-4504,464801,광주시 중앙로 125(경안동53-2),,127.2574441,37.4110949
2015-09-18,부천시,고강1동,032-625-7682,421191,경기도 부천시 고강동 290-2번지,경기도 부천시 고강로72번길 8,126.8119983,37.5294598
2015-09-18,부천시,고강본동,032-625-7662,421190,경기도 부천시 고강동 324-4번지,경기도 부천시 고리울로 79,126.8248198,37.5270612
2015-09-18,평택시,고덕면,031-8024-6840,451842,경기도 평택시 고덕면 좌교리 387-25번지,경기도 평택시 고덕면 고덕로 283,127.0177558,37.0423335
2015-09-18,성남시,고등동,031-729-5890,461300,경기도 성남시 수정구 고등동 429-1번지,경기도 성남시 수정구 대왕판교로 949,127.101557,37.4250451
2015-09-18,수원시,고등동,031-228-7606,442882,경기도 수원시 팔달구 고등동 153-1번지,경기도 수원시 팔달구 고등로 37,127.001141,37.2734563
2015-09-18,고양시,고봉동,031-8075-6958,411560,경기도 고양시 일산동구 문봉동 57-4번지,경기도 고양시 일산동구 성현로 397-18,126.827162,37.701873
2015-09-18,안성시,고삼면,031-678-3980,456924,경기도 안성시 고삼면 가유리 287-11번지 가유리 287-8,경기도 안성시 고삼면 고삼호수로 21,127.2634598,37.082695
2015-09-18,고양시,고양동,031-8075-5788,412500,경기도 고양시 덕양구 고양동 195-1번지,경기도 고양시 덕양구 벽제관로 5,126.9037252,37.7033527
2015-09-18,고양시,고양시청,031-909-9000,412701,경기도 고양시 덕양구 주교동 600번지,경기도 고양시 덕양구 고양시청로 10,126.8319596,37.6584144
2015-09-18,안산시,고잔1동,031-481-6602,425806,경기도 안산시 단원구 고잔동 659-6번지,경기도 안산시 단원구 화정천동로 252,126.8192019,37.3268362
2015-09-18,안산시,고잔2동,031-481-6603,425900,경기도 안산시 단원구 고잔동 526-2번지,경기도 안산시 단원구 중앙대로 839,126.8296526,37.3176503
2015-09-18,의왕시,고천동,031-345-3121,437701,경기도 의왕시 고천동 265번지,경기도 의왕시 사그내길 15,126.976078,37.347692
2015-09-18,김포시,고촌읍,031-980-5265,415810,김포시 고촌읍 장차로 14 (신곡리 530-1),,126.7709579,37.6033914
2015-09-18,수원시,곡선동,031-228-6651,441400,경기도 수원시 권선구 곡반정동 525번지,경기도 수원시 권선구 동수원로146번길 174,127.0333291,37.2433171
2015-09-18,광주시,곤지암읍,031-760-2443,464872,경기도 광주시 곤지암읍 곤지암리 135-3번지,경기도 광주시 곤지암읍 광여로 59,127.3523794,37.3509323
2015-09-18,안성시,공도읍,031-678-3610,456823,경기도 안성시 공도읍 만정리 793-1번지,경기도 안성시 공도읍 공도4로 8,127.1725189,37.0010194
2015-09-18,시흥시,과림동,031-310-4662,429120,경기도 시흥시 과림동 490-11번지,경기도 시흥시 금오로 383,126.8328901,37.4368748
2015-09-18,과천시,과천동,02-2150-3500,427060,경기도 과천시 과천동 538-1번지,경기도 과천시 과천대로 608-17,126.9953936,37.4483745
2015-09-18,과천시,과천시청,02-502-500-1~6,427714,경기도 과천시 중앙동 1-3번지,경기도 과천시 관문로 69,126.9867943,37.4302021
2015-09-18,이천시,관고동,031-633-9007,467020,경기도 이천시 관고동 38-1번지,경기도 이천시 설봉로 65,127.4378808,37.2823849
2015-09-18,고양시,관산동,031-8075-5808,412802,경기도 고양시 덕양구 관산동 238-1번지,경기도 고양시 덕양구 통일로 789,126.8625357,37.6880134
2015-09-18,안양시,관양1동,031-8045-4650,431061,경기도 안양시 동안구 관양동 1432-15번지,경기도 안양시 동안구 관악대로 375,126.9645303,37.4047888
2015-09-18,안양시,관양2동,031-8045-4660,431809,경기도 안양시 동안구 관양동 1482-3번지,경기도 안양시 동안구 관양로 215,126.9710008,37.4022858
2015-09-18,포천시,관인면,031-538-3911,487936,경기도 포천시 관인면 탄동리 644-6번지,경기도 포천시 관인면 관인로 14,127.2507094,38.1577316
2015-09-18,수원시,광교동,031-228-8711,443270,경기도 수원시 영통구 이의동 1350번지,경기도 수원시 영통구 도청로89번길 20,127.047397,37.2901809
2015-09-18,광주시,광남동,031-760-4537,464808,경기도 광주시 태전동 249-2번지,경기도 광주시 태봉로 45,127.2297795,37.3890481
2015-09-18,광명시,광명1동,02-2680-6601,423800,경기도 광명시 광명동 9-33번지,경기도 광명시 광복로31번길 10,126.8626667,37.4886204
2015-09-18,광명시,광명2동,02-2680-6602,423012,경기도 광명시 광명동 93-3번지,경기도 광명시 광명로 947,126.8559241,37.4833577
2015-09-18,광명시,광명3동,02-2680-6603,423802,경기도 광명시 광명동 136-8번지,경기도 광명시 광명로928번길 18-20,126.8569341,37.4802342
2015-09-18,광명시,광명4동,02-2680-6604,423858,경기도 광명시 광명동 158-609번지,경기도 광명시 광명로888번길 26-6,126.8563159,37.477134
2015-09-18,광명시,광명5동,02-2680-6605,423810,경기도 광명시 광명동 170번지,경기도 광명시 너부대로35번길 20,126.8475124,37.4787664
2015-09-18,광명시,광명6동,02-2680-6606,423817,경기도 광명시 광명동 786번지,경기도 광명시 광명로791번길 6,126.8486404,37.4710877
2015-09-18,광명시,광명7동,02-2680-6607,423815,경기도 광명시 광명동 720-7번지,경기도 광명시 도덕로 63,126.8544262,37.4698804
2015-09-18,광명시,광명시청,02-2680-2114,423702,경기도 광명시 철산동 222-1번지,경기도 광명시 시청로 20,126.8648458,37.4790974
2015-09-18,양주시,광적면,031-8082-7606,482841,경기도 양주시 광적면 가납리 848-2번지,경기도 양주시 광적면 가래비길 93,126.9836304,37.8245924
2015-09-18,군포시,광정동,031-390-8509,435045,경기도 군포시 산본동 1120-2번지,경기도 군포시 광정로 106,126.9279404,37.3620853
2015-09-18,광주시,광주시청,031-760-2000,464720,경기도 광주시 송정동 570번지,경기도 광주시 행정타운로 50,127.255075,37.4292862
2015-09-18,파주시,광탄면,031-940-8141,413854,경기도 파주시 광탄면 신산리 134-1번지,경기도 파주시 광탄면 혜음로 1044,126.8512215,37.7761649
2015-09-18,부천시,괴안동,032-625-6722,422090,경기도 부천시 괴안동 72번지,경기도 부천시 범안로 40,126.8070078,37.4781341
2015-09-18,구리시,교문1동,031-550-2604,471021,경기도 구리시 교문동 262-4번지,경기도 구리시 경춘로 111,127.1276697,37.6012308
2015-09-18,구리시,교문2동,031-550-2605,471022,경기도 구리시 교문동 821번지,경기도 구리시 장자대로 34,127.134158,37.5870637
2015-09-18,파주시,교하동,031-940-8101,413070,경기도 파주시 다율동 498-5번지,경기도 파주시 교하로 1041,126.715374,37.7359411
2015-09-18,용인시,구갈동,031-324-662-1~4,446903,경기도 용인시 기흥구 구갈동 578번지,경기도 용인시 기흥구 강남로 23,127.1275904,37.2724253
2015-09-18,구리시,구리시청,031-557-1010,471702,경기도 구리시 교문동 390-1번지,경기도 구리시 아차산로 439,127.1307833,37.5944123
2015-09-18,성남시,구미1동,031-729-7930,463808,경기도 성남시 분당구 구미동 26번지,경기도 성남시 분당구 돌마로90번길 8,127.1117751,37.3492851
2015-09-18,성남시,구미동,031-729-7950,463802,경기도 성남시 분당구 구미동 227번지,경기도 성남시 분당구 구미로 130,127.1226133,37.340228
2015-09-18,용인시,구성동,031-324-6701,446910,경기도 용인시 기흥구 언남동 342-1번지,경기도 용인시 기흥구 구성로77번길 17,127.1189832,37.2967623
2015-09-18,수원시,구운동,031-228-6647,441819,경기도 수원시 권선구 구운동 965번지,경기도 수원시 권선구 구운로47번길 57-33,126.9714683,37.2771183
2015-09-18,연천군,군남면,031-839-2603,486820,경기도 연천군 군남면 삼거리 400-5번지,경기도 연천군 군남면 군남로 417,127.018723,38.08516
2015-09-18,포천시,군내면,031-538-3902,487871,경기도 포천시 군내면 구읍리 192-1번지,경기도 포천시 군내면 청군로3290번길 16,127.2177689,37.8889579
2015-09-18,시흥시,군자동,031-310-4482,429881,경기도 시흥시 거모동 1660-2번지,경기도 시흥시 도일로102번길 11,126.785092,37.339936
2015-09-18,군포시,군포1동,031-390-8500,435010,경기도 군포시 당동 751-15번지,경기도 군포시 군포로 531,126.9455607,37.3536106
2015-09-18,군포시,군포2동,031-390-8501,435012,경기도 군포시 당동 871-1번지,경기도 군포시 고산로 263,126.9430785,37.3463472
2015-09-18,군포시,군포시청,031-392-3000,435701,경기도 군포시 금정동 844번지,경기도 군포시 청백리길 6,126.9361499,37.3612539
2015-09-18,군포시,궁내동,031-390-8508,435047,경기도 군포시 산본동 1148-7번지,경기도 군포시 고산로517번길 10,126.9218473,37.3596595
2015-09-18,수원시,권선1동,031-228-6670,441826,경기도 수원시 권선구 권선동 1034-5번지,경기도 수원시 권선구 경수대로352번길 29,127.0246059,37.2577504
2015-09-18,수원시,권선2동,031-228-6179,441837,경기도 수원시 권선구 권선동 1268-2번지,경기도 수원시 권선구 권중로 85,127.0297121,37.251323
2015-09-18,수원시,권선구청,031-228-6114,441710,경기도 수원시 권선구 탑동 900번지,경기도 수원시 권선구 호매실로 12,126.9718995,37.2576343
2015-09-18,안양시,귀인동,031-8045-4700,431802,경기도 안양시 동안구 평촌동 933-4번지,경기도 안양시 동안구 부림로 16,126.9694987,37.3855228
2015-09-18,남양주시,금곡동,031-590-2663,472010,경기도 남양주시 금곡동 434-12번지,경기도 남양주시 홍유릉로 350,127.2056701,37.6320822
2015-09-18,성남시,금곡동,031-729-7910,463895,경기도 성남시 분당구 금곡동 174번지,경기도 성남시 분당구 성남대로171번길 14,127.1070878,37.3516357
2015-09-18,성남시,금광1동,031-729-6650,462801,경기도 성남시 중원구 금광동 1348번지,경기도 성남시 중원구 광명로 328,127.1624451,37.4450842
2015-09-18,성남시,금광2동,031-729-6670,462801,경기도 성남시 중원구 금광동 3657번지,경기도 성남시 중원구 광명로 345,127.1640162,37.4462713
2015-09-18,안성시,금광면,031-678-3710,456861,경기도 안성시 금광면 내우리 20-9번지,경기도 안성시 금광면 금광오산로 228,127.3175329,36.997231
2015-09-18,여주시,금사면,031-887-3892,469832,경기도 여주시 금사면 이포리 197-3번지,경기도 여주시 금사면 이포로 27,127.5333616,37.3925808
2015-09-18,군포시,금정동,031-390-8504,435050,경기도 군포시 금정동 705-5번지,경기도 군포시 금산로 35,126.9392711,37.3654002
2015-09-18,파주시,금촌1동,031-940-8201,413803,경기도 파주시 아동동 351-5번지,경기도 파주시 새꽃로 215,126.7759721,37.7663443
2015-09-18,파주시,금촌2동,031-940-8221,413826,경기도 파주시 금촌동 1011번지,경기도 파주시 쇠재로 115,126.7772012,37.7515853
2015-09-18,파주시,금촌3동,031-940-8745,413800,경기도 파주시 금촌동 27-13번지,경기도 파주시 경의로 1803,126.775401,37.7675325
2015-09-18,수원시,금호동,031-228-6853,441884,경기도 수원시 권선구 호매실동 1367번지,경기도 수원시 권선구 칠보로 161,126.9570464,37.2662294
2015-09-18,화성시,기배동,031-369-4580,445310,경기도 화성시 기안동 457-21번지,경기도 화성시 기안남로 62,126.9846354,37.224334
2015-09-18,용인시,기흥구청,031-324-6114,446593,경기도 용인시 기흥구 구갈동 355번지,경기도 용인시 기흥구 관곡로 95,127.1146907,37.2804469
2015-09-18,용인시,기흥동,031-324-6671,446902,경기도 용인시 기흥구 공세동 388-23번지,경기도 용인시 기흥구 한일로9번길 9,127.1027323,37.2429817
2015-09-18,김포시,김포1동,031-980-5201,415030,경기도 김포시 북변동 703번지,경기도 김포시 북변1로 13,126.7057374,37.6275662
2015-09-18,김포시,김포2동,031-980-5221,415060,경기도 김포시 장기동 1338번지,경기도 김포시 김포대로 1433,126.6716982,37.6523074
2015-09-18,김포시,김포시청,031-984-2114,415728,경기도 김포시 사우동 263-1번지,경기도 김포시 사우중로 1,126.7157171,37.6151895
2015-09-18,양주시,남면,031-8082-7572,482873,경기도 양주시 남면 신산리 268-12번지,경기도 양주시 남면 개나리17길 6,126.9767241,37.8981269
2015-09-18,용인시,남사면,031-324-5642,449883,경기도 용인시 처인구 남사면 봉무리 438-1번지,경기도 용인시 처인구 남사면 내기로 22,127.1505051,37.1156802
2015-09-18,화성시,남양동,031-369-274-1~5,445010,경기도 화성시 남양읍 남양리 1340번지,경기도 화성시 남양읍 남양성지로 192-5,126.8237714,37.2117622
2015-09-18,남양주시,남양주시청,031-590-2114,472701,경기도 남양주시 금곡동 185-10번지,경기도 남양주시 경춘로 1037,127.2179956,37.6366154
2015-09-18,광주시,남종면,031-760-4972,464879,경기도 광주시 남종면 분원리 132번지,경기도 광주시 남종면 분원길 9,127.3019441,37.4943295
2015-09-18,오산시,남촌동,031-370-6260,447130,경기도 오산시 청학동 16-6번지,경기도 오산시 청학로 55-5,127.0634552,37.1545873
2015-09-18,의왕시,내손1동,031-345-3211,437805,경기도 의왕시 내손동 787번지,경기도 의왕시 갈미로 71,126.9755986,37.3782836
2015-09-18,의왕시,내손2동,031-345-3241,437810,경기도 의왕시 내손동 849-2번지,경기도 의왕시 복지로 109,126.981483,37.38759
2015-09-18,포천시,내촌면,031-538-3903,487831,경기도 포천시 내촌면 내리 368-5번지,경기도 포천시 내촌면 내촌로 70,127.2285922,37.7861387
2015-09-18,의정부시,녹양동,031-828-4230,480120,경기도 의정부시 녹양동 374-6번지,경기도 의정부시 진등로 21,127.0323067,37.7601308
2015-09-18,고양시,능곡동,031-8075-5828,412818,경기도 고양시 덕양구 토당동 335-4번지,경기도 고양시 덕양구 토당로 83,126.8180347,37.6226932
2015-09-18,시흥시,능곡동,031-310-4722,429240,경기도 시흥시 능곡동 710번지,경기도 시흥시 능곡로 132,126.815847,37.3663177
2015-09-18,여주시,능서면,031-887-3853,469813,경기도 여주시 능서면 번도리 502-3번지,경기도 여주시 능서면 번도1길 2-9,127.5734641,37.2999848
2015-09-18,성남시,단대동,031-729-5790,461801,경기도 성남시 수정구 단대동 129번지,경기도 성남시 수정구 희망로506번길 21,127.1556651,37.4496452
2015-09-18,안산시,단원구청,031-481-6000,425900,경기도 안산시 단원구 초지동 666-2번지,경기도 안산시 단원구 중앙대로 685,126.8117547,37.3197749
2015-09-18,양평군,단월면,031-770-3191,476853,경기도 양평군 단월면 보룡리 343-2번지,경기도 양평군 단월면 보룡길 53,127.6729902,37.5385578
2015-09-18,안양시,달안동,031-8045-4640,431058,경기도 안양시 동안구 비산동 1101-5번지,경기도 안양시 동안구 달안로 65,126.9501783,37.3960978
2015-09-18,김포시,대곶면,031-980-5327,415850,경기도 김포시 대곶면 율생리 529-3번지,경기도 김포시 대곶면 율생로 83-23,126.5818992,37.6490897
2015-09-18,고양시,대덕동,031-8075-5987,412170,경기도 고양시 덕양구 덕은동 191-9번지,경기도 고양시 덕양구 덕은로 60-22,126.875162,37.585508
2015-09-18,안성시,대덕면,031-678-3800,456831,경기도 안성시 대덕면 건지리 425-1번지,경기도 안성시 대덕면 중앙로 82,127.2378725,37.0124258
2015-09-18,안산시,대부동,031-481-6591,425330,경기도 안산시 단원구 대부북동 467번지,경기도 안산시 단원구 대부중앙로 97-9,126.5852893,37.243767
2015-09-18,여주시,대신면,031-887-3932,469844,경기도 여주시 대신면 율촌리 390번지,경기도 여주시 대신면 여양로 1456-10,127.5865446,37.3750692
2015-09-18,군포시,대야동,031-390-8550,435060,경기도 군포시 대야미동 636-7번지,경기도 군포시 대야2로 139,126.9153468,37.3302814
2015-09-18,시흥시,대야동,031-310-4302,429812,경기도 시흥시 대야동 491-3번지,경기도 시흥시 복지로 37,126.7885382,37.443046
2015-09-18,오산시,대원동,031-370-6230,447060,경기도 오산시 원동 404-8번지,경기도 오산시 오산로132번길 28,127.071748,37.138623
2015-09-18,이천시,대월면,031-632-1001,467850,경기도 이천시 대월면 초지리 220번지,경기도 이천시 대월면 사동로 1-10,127.4923865,37.2298746
2015-09-18,고양시,대화동,031-8075-7882,411803,경기도 고양시 일산서구 대화동 2035번지,경기도 고양시 일산서구 일산로 668,126.75511,37.682931
2015-09-18,고양시,덕양구청,031-909-9000,412702,경기도 고양시 덕양구 화정동 955번지,경기도 고양시 덕양구 화중로104번길 13,126.832539,37.637223
2015-09-18,하남시,덕풍1동,031-790-6604,465011,경기도 하남시 덕풍동 522-3번지,경기도 하남시 역말로 14,127.2005793,37.5335152
2015-09-18,하남시,덕풍2동,031-790-6605,465012,경기도 하남시 덕풍동 693번지,경기도 하남시 덕풍공원로 12,127.1981451,37.5422842
2015-09-18,하남시,덕풍3동,031-790-6606,465831,경기도 하남시 덕풍동 737번지,경기도 하남시 덕풍서로 66,127.2047858,37.5525119
2015-09-18,남양주시,도농동,031-590-2666,472100,경기도 남양주시 도농동 53-1번지,경기도 남양주시 경춘로 407,127.159001,37.607238
2015-09-18,부천시,도당동,032-625-5782,420801,경기도 부천시 도당동 35-3번지,경기도 부천시 평천로849번길 26-7,126.7859291,37.5163113
2015-09-18,광주시,도척면,031-760-4940,464882,경기도 광주시 도척면 노곡리 58-14번지,경기도 광주시 도척면 노곡로 20,127.3311425,37.3045943
2015-09-18,성남시,도촌동,031-729-6817,462700,경기도 성남시 중원구 도촌동 633번지,경기도 성남시 중원구 도촌북로 28,127.1527859,37.4164952
2015-09-18,구리시,동구동,031-550-2602,471010,경기도 구리시 인창동 699-1번지,경기도 구리시 동구릉로148번길 25,127.1393488,37.611734
2015-09-18,동두천시,동두천시청,031-865-710-1~5,483708,경기도 동두천시 생연동 438번지,경기도 동두천시 방죽로 23,127.0615412,37.9034106
2015-09-18,용인시,동백동,031-324-6741,446916,경기도 용인시 기흥구 중동 847번지,경기도 용인시 기흥구 동백중앙로 213,127.1510056,37.2722139
2015-09-18,용인시,동부동,031-324-5982,449928,경기도 용인시 처인구 마평동 533-8번지,경기도 용인시 처인구 중부대로 1574,127.2191759,37.2327714
2015-09-18,남양주시,동부출장소,031-590-8611,472844,경기도 남양주시 화도읍 답내리 202-2번지,경기도 남양주시 화도읍 경춘로 2376-4,127.3510272,37.6586533
2015-09-18,화성시,동부출장소,031-369-4114,445390,경기도 화성시 진안동 526-2번지,경기도 화성시 병점3로 23,127.0359319,37.2087558
2015-09-18,안양시,동안구청,031-8045-4114,431718,경기도 안양시 동안구 비산동 1111번지,경기도 안양시 동안구 동안로 158,126.9512106,37.3925122
2015-09-18,용인시,동천동,031-324-8701,448500,경기도 용인시 수지구 동천동 176-4번지,경기도 용인시 수지구 신수로783번길 40,127.0992375,37.341861
2015-09-18,화성시,동탄1동,031-369-4660,445160,경기도 화성시 반송동 86번지,경기도 화성시 동탄반석로 195,127.0719248,37.2064579
2015-09-18,화성시,동탄2동,031-369-4840,445160,경기도 화성시 반송동 137번지,경기도 화성시 동탄반석로 87,127.0723122,37.1969462
2015-09-18,화성시,동탄3동,031-369-4070,445320,경기도 화성시 능동 1119번지,경기도 화성시 동탄지성로 151,127.0587655,37.2099433
2015-09-18,화성시,동탄면,031-369-464-0~6,445813,경기도 화성시 동탄면 방교리 828번지,경기도 화성시 동탄면 동탄산단8길 15-12,127.086425,37.187627
2015-09-18,화성시,마도면,031-369-275-1~7,445861,경기도 화성시 마도면 석교리 243-2번지,경기도 화성시 마도면 마도북로 389,126.7696471,37.2054845
2015-09-18,고양시,마두1동,031-8075-6871,411351,경기도 고양시 일산동구 마두동 908-2번지,경기도 고양시 일산동구 일산로 282,126.7866296,37.6609936
2015-09-18,고양시,마두2동,031-8075-6894,411352,경기도 고양시 일산동구 마두동 782번지,경기도 고양시 일산동구 강송로 166,126.784443,37.653548
2015-09-18,용인시,마북동,031-324-6721,446912,경기도 용인시 기흥구 마북동 181-2번지,경기도 용인시 기흥구 마북로 159,127.1235246,37.3040956
2015-09-18,이천시,마장면,031-632-2001,467810,경기도 이천시 마장면 오천리 62-4번지,경기도 이천시 마장면 오천로 107,127.357968,37.2489727
2015-09-18,안양시,만안구청,031-8045-3114,430718,경기도 안양시 만안구 안양동 530번지,경기도 안양시 만안구 안양로 128,126.9324066,37.3866427
2015-09-18,수원시,매교동,031-228-7604,442843,경기도 수원시 팔달구 매교동 88-1번지,경기도 수원시 팔달구 효원로89번길 60,127.0142506,37.2685718
2015-09-18,수원시,매산동,031-228-7645,442847,경기도 수원시 팔달구 매산로2가 40-30번지,경기도 수원시 팔달구 매산로 41,127.0056957,37.2687347
2015-09-18,화성시,매송면,031-369-272-1~3,445831,경기도 화성시 매송면 어천리 375-2번지,경기도 화성시 매송면 매송로 43,126.9091354,37.2523515
2015-09-18,수원시,매탄1동,031-228-8604,443800,경기도 수원시 영통구 매탄동 176-4번지,경기도 수원시 영통구 인계로189번길 119,127.0405297,37.2705012
2015-09-18,수원시,매탄2동,031-228-8628,443801,경기도 수원시 영통구 매탄동 198-99번지,경기도 수원시 영통구 매영로39번길 21,127.0474385,37.270149
2015-09-18,수원시,매탄3동,031-228-8649,443848,경기도 수원시 영통구 매탄동 1279-1번지,경기도 수원시 영통구 동탄원천로881번길 76,127.0431058,37.2564476
2015-09-18,수원시,매탄4동,031-228-8668,443802,경기도 수원시 영통구 매탄동 232-2번지,경기도 수원시 영통구 산남로 26-4,127.048707,37.2651207
2015-09-18,시흥시,매화동,031-310-4422,429816,경기도 시흥시 매화동 77-8번지,경기도 시흥시 매화로 22,126.8153455,37.4180103
2015-09-18,이천시,모가면,031-632-3001,467870,경기도 이천시 모가면 진가리 114-1번지,경기도 이천시 모가면 진상미로 1295,127.4801678,37.1716778
2015-09-18,용인시,모현면,031-324-5592,449851,경기도 용인시 처인구 모현면 갈담리 309번지,경기도 용인시 처인구 모현면 독점로 31-6,127.2423619,37.3295337
2015-09-18,시흥시,목감동,031-310-4452,429869,경기도 시흥시 조남동 171-3번지,경기도 시흥시 목감초등길 27,126.8573418,37.3846189
2015-09-18,파주시,문산읍,031-940-8001,413902,경기도 파주시 문산읍 선유리 1402번지,경기도 파주시 문산읍 통일로 1680,126.7910164,37.8567524
2015-09-18,과천시,문원동,02-2150-3600,427090,경기도 과천시 문원동 15-11번지,경기도 과천시 공원마을1길 54,127.0024675,37.4302389
2015-09-18,연천군,미산면,031-839-2606,486860,경기도 연천군 미산면 유촌리 384-2번지,경기도 연천군 미산면 유노로 110,126.9928317,38.0474317
2015-09-18,안성시,미양면,031-678-3770,456841,경기도 안성시 미양면 양지리 190번지,경기도 안성시 미양면 양지길 29,127.2153358,36.9753587
2015-09-18,안양시,박달1동,031-8045-3720,430031,경기도 안양시 만안구 박달동 50-2번지 (50-2 외1),경기도 안양시 만안구 양화로127번길 9,126.9091744,37.4036528
2015-09-18,안양시,박달2동,031-8045-3730,430032,경기도 안양시 만안구 박달동 124-7번지,경기도 안양시 만안구 박달로 440,126.9015147,37.4017581
2015-09-18,안산시,반월동,031-481-5610,426210,경기도 안산시 상록구 건건동 641-2번지,경기도 안산시 상록구 건건로 51,126.9021675,37.3060515
2015-09-18,화성시,반월동,031-369-4560,445330,경기도 화성시 반월동 856번지,경기도 화성시 영통로61번길 32,127.060591,37.2331389
2015-09-18,이천시,백사면,031-632-4001,467830,경기도 이천시 백사면 현방리 87-7번지,경기도 이천시 백사면 현방로 65,127.4907288,37.3390864
2015-09-18,고양시,백석1동,031-8075-6811,411815,경기도 고양시 일산동구 백석동 1147번지,경기도 고양시 일산동구 일산로 145,126.792406,37.649681
2015-09-18,고양시,백석2동,031-8075-6841,411815,경기도 고양시 일산동구 백석동 1331-1번지,경기도 고양시 일산동구 장백로 56,126.7867944,37.6429707
2015-09-18,양주시,백석읍,031-8082-7503,482835,경기도 양주시 백석읍 오산리 532번지,경기도 양주시 백석읍 중앙로223번길 46,126.9855307,37.7950701
2015-09-18,용인시,백암면,031-324-579-8~9,449862,경기도 용인시 처인구 백암면 백암리 495-3번지,경기도 용인시 처인구 백암면 백암로 189,127.3753796,37.163406
2015-09-18,연천군,백학면,031-839-2605,486880,경기도 연천군 백학면 두일리 370번지,경기도 연천군 백학면 청정로 534,126.9168715,38.0300507
2015-09-18,성남시,백현동,031-729-7098,463420,경기도 성남시 분당구 백현동 557번지,경기도 성남시 분당구 동판교로 21,127.1108396,37.3885382
2015-09-18,안양시,범계동,031-8045-4740,431085,경기도 안양시 동안구 호계동 1051-1번지,경기도 안양시 동안구 평촌대로217번길 63,126.9525132,37.3897628
2015-09-18,부천시,범박동,032-625-6702,422060,경기도 부천시 범박동 155-4번지,경기도 부천시 범안로129번길 17,126.809767,37.47063
2015-09-18,파주시,법원읍,031-940-8041,413872,경기도 파주시 법원읍 법원리 376-1번지,경기도 파주시 법원읍 사임당로907번길 21,126.8823933,37.8491705
2015-09-18,남양주시,별내동,031-590-8492,472501,경기도 남양주시 별내동 산24-8번지,경기도 남양주시 별내2로 88,127.1271062,37.6480467
2015-09-18,남양주시,별내면,031-590-2606,472810,경기도 남양주시 별내면 광전리 122-6번지,경기도 남양주시 별내면 청학로8번길 22,127.1248907,37.7026772
2015-09-18,과천시,별양동,02-2150-3300,427801,경기도 과천시 별양동 12번지,경기도 과천시 별양로 60,126.9937185,37.4241695
2015-09-18,화성시,병점1동,031-369-4520,445360,경기도 화성시 병점동 367번지,경기도 화성시 경기대로1010번길 11,127.0372738,37.2068704
2015-09-18,화성시,병점2동,031-369-4540,445360,경기도 화성시 병점동 834-1번지,경기도 화성시 병점3로 99,127.0430216,37.2114782
2015-09-18,안성시,보개면,031-678-3680,456871,경기도 안성시 보개면 불현리 42-3번지,경기도 안성시 보개면 보개원삼로 220,127.2908762,37.0230233
2015-09-18,동두천시,보산동,031-860-3074,483060,경기도 동두천시 보산동 314-5번지,경기도 동두천시 싸리말로 28,127.0613165,37.917642
2015-09-18,용인시,보정동,031-324-6771,446913,경기도 용인시 기흥구 보정동 1266-4번지,경기도 용인시 기흥구 죽현로 35,127.1146958,37.3194834
2015-09-18,성남시,복정동,031-729-5850,461830,경기도 성남시 수정구 복정동 641-12번지,경기도 성남시 수정구 복정로 144,127.1271136,37.4658795
2015-09-18,안산시,본오1동,031-481-5604,426817,경기도 안산시 상록구 본오동 990번지,경기도 안산시 상록구 샘골로 16,126.8642508,37.2851064
2015-09-18,안산시,본오2동,031-481-5605,426809,경기도 안산시 상록구 본오동 796-4번지,경기도 안산시 상록구 각골로 75,126.8722473,37.296299
2015-09-18,안산시,본오3동,031-481-5606,426815,경기도 안산시 상록구 본오동 873번지,경기도 안산시 상록구 용신로 376,126.8638334,37.301458
2015-09-18,화성시,봉담읍,031-369-271-1~7,445891,경기도 화성시 봉담읍 상리 27-1번지,경기도 화성시 봉담읍 샘마을1길 7,126.9502626,37.2202266
2015-09-18,안산시,부곡동,031-481-5607,426820,경기도 안산시 상록구 부곡동 671-4번지,경기도 안산시 상록구 성호로 326,126.8610076,37.3316717
2015-09-18,의왕시,부곡동,031-345-3141,437813,경기도 의왕시 삼동 101번지,경기도 의왕시 부곡시장길 75,126.9567638,37.3187382
2015-09-18,과천시,부림동,02-2150-3400,427804,경기도 과천시 부림동 47번지,경기도 과천시 별양로 174,126.9985401,37.433461
2015-09-18,안양시,부림동,031-8045-4670,431065,경기도 안양시 동안구 관양동 1588-1번지,경기도 안양시 동안구 달안로 154,126.9594645,37.398736
2015-09-18,이천시,부발읍,031-633-0461,467860,경기도 이천시 부발읍 무촌리 168-8번지,경기도 이천시 부발읍 무촌로 121,127.4869806,37.2835698
2015-09-18,부천시,부천시청,032-320-3000,420736,경기도 부천시 중동 1156번지,경기도 부천시 길주로 210,126.765337,37.5035824
2015-09-18,안양시,부흥동,031-8045-4630,431054,경기도 안양시 동안구 비산동 1103-1번지,경기도 안양시 동안구 달안로 28,126.9471714,37.393671
2015-09-18,여주시,북내면,031-887-3952,469853,경기도 여주시 북내면 당우리 165-5번지,경기도 여주시 북내면 여양2로 301,127.6790783,37.3290549
2015-09-18,가평군,북면,031-582-0301,477842,경기도 가평군 북면 목동리 848번지,경기도 가평군 북면 화악산로 2,127.5502482,37.8856354
2015-09-18,성남시,분당구청,031-729-7114,463701,경기도 성남시 분당구 수내동 1번지,경기도 성남시 분당구 분당로 50,127.119103,37.382662
2015-09-18,성남시,분당동,031-729-7610,463030,경기도 성남시 분당구 분당동 42번지,경기도 성남시 분당구 불정로 312,127.1310793,37.3701078
2015-09-18,동두천시,불현동,031-860-3094,483030,경기도 동두천시 생연동 348번지,경기도 동두천시 행선로 123,127.0624376,37.8985126
2015-09-18,화성시,비봉면,031-369-273-1~7,445842,화성시 비봉면 비봉로 72-10(양노리 253-3),,126.8735581,37.2354765
2015-09-18,안양시,비산1동,031-8045-4600,431051,경기도 안양시 동안구 비산동 475-1번지 (475-1외 1),경기도 안양시 동안구 비산로 12,126.9334338,37.399827
2015-09-18,안양시,비산2동,031-8045-4610,431052,경기도 안양시 동안구 비산동 418-13번지,경기도 안양시 동안구 경수대로868번길 39,126.9414003,37.3970777
2015-09-18,안양시,비산3동,031-8045-4620,431053,경기도 안양시 동안구 비산동 318-79번지,경기도 안양시 동안구 매곡로 1,126.9448869,37.4044209
2015-09-18,평택시,비전1동,031-8024-5770,450151,경기도 평택시 비전동 793-2번지,경기도 평택시 평택2로 125,127.0952511,37.0005839
2015-09-18,평택시,비전2동,031-8024-5810,450152,경기도 평택시 비전동 849번지,경기도 평택시 중앙로 261,127.1117554,36.990308
2015-09-18,안산시,사1동,031-481-5602,426823,경기도 안산시 상록구 사동 1304번지,경기도 안산시 상록구 석호로 171,126.8510469,37.2971032
2015-09-18,안산시,사2동,031-481-5603,426824,경기도 안산시 상록구 사동 1344-5번지,경기도 안산시 상록구 감골1로 52,126.8518778,37.2898094
2015-09-18,안산시,사3동,031-481-5613,426895,경기도 안산시 상록구 사동 1511-1번지,경기도 안산시 상록구 해양로 8,126.8200502,37.2947354
2015-09-18,김포시,사우동,031-980-5241,415040,경기도 김포시 사우동 236-2번지,경기도 김포시 돌문로 51,126.716521,37.6194405
2015-09-18,군포시,산본1동,031-390-8502,435041,경기도 군포시 산본동 73-26번지,경기도 군포시 고산로724번길 13,126.9385782,37.3733685
2015-09-18,군포시,산본2동,031-390-8503,435042,경기도 군포시 산본동 1065-1번지,경기도 군포시 고산로 663,126.9327105,37.3700207
2015-09-18,여주시,산북면,031-887-3913,469892,경기도 여주시 산북면 상품리 121번지,경기도 여주시 산북면 상품로 93,127.4432619,37.4014368
2015-09-18,성남시,산성동,031-729-5810,461803,경기도 성남시 수정구 산성동 2136번지,경기도 성남시 수정구 수정남로 261,127.1500738,37.4522113
2015-09-18,안성시,삼죽면,031-678-3950,456883,경기도 안성시 삼죽면 내강리 산 18-1,경기도 안성시 삼죽면 삼죽로 112,127.3748258,37.0730495
2015-09-18,성남시,삼평동,031-729-7990,463400,경기도 성남시 분당구 삼평동 712번지,경기도 성남시 분당구 동판교로266번길 7,127.1163097,37.4061281
2015-09-18,부천시,상1동,032-625-5942,420031,경기도 부천시 상동 396-2번지,경기도 부천시 상일로 97,126.753166,37.4918157
2015-09-18,부천시,상2동,032-625-5961,420865,경기도 부천시 상동 557-7번지,경기도 부천시 조마루로 95,126.7544174,37.5005761
2015-09-18,부천시,상3동,032-625-5982,420861,경기도 부천시 상동 528-5번지,경기도 부천시 상동로117번길 48,126.7508681,37.5082236
2015-09-18,용인시,상갈동,031-324-6642,446905,경기도 용인시 기흥구 상갈동 472-1번지,경기도 용인시 기흥구 상갈로 2,127.1076933,37.266581
2015-09-18,성남시,상대원1동,031-729-6730,462121,경기도 성남시 중원구 상대원동 1451번지,경기도 성남시 중원구 둔촌대로 425,127.1643854,37.4332097
2015-09-18,성남시,상대원2동,031-729-6750,462817,경기도 성남시 중원구 상대원동 3159번지,경기도 성남시 중원구 희망로 371,127.1583231,37.4389088
2015-09-18,성남시,상대원3동,031-729-6770,462809,경기도 성남시 중원구 상대원동 856번지,경기도 성남시 중원구 박석로 78,127.1654437,37.4396739
2015-09-18,부천시,상동,032-625-5922,420815,부천시 원미구 석천로 83번길 (상동 416-2),,126.7607911,37.4949165
2015-09-18,안산시,상록구청,031-481-5000,426894,경기도 안산시 상록구 사동 1585번지,경기도 안산시 상록구 석호로 110,126.8464096,37.3013357
2015-09-18,가평군,상면,031-585-2001,477823,경기도 가평군 상면 연하리 171-1번지,경기도 가평군 상면 청군로 1105,127.3571544,37.8047464
2015-09-18,동두천시,상패동,031-860-3175,483120,경기도 동두천시 상패동 122-2번지,경기도 동두천시 어수로 8,127.0442775,37.9053716
2015-09-18,용인시,상하동,031-324-6781,446914,경기도 용인시 기흥구 상하동 435-12번지,경기도 용인시 기흥구 어정로 62-23,127.1383973,37.2705137
2015-09-18,용인시,상현1동,031-324-8721,448130,경기도 용인시 수지구 상현동 839번지,경기도 용인시 수지구 상현로 71,127.0811457,37.3046261
2015-09-18,용인시,상현2동,031-324-8741,448130,경기도 용인시 수지구 상현동 66-2번지,경기도 용인시 수지구 만현로 82-4,127.0859427,37.3094198
2015-09-18,동두천시,생연1동,031-860-3015,483031,경기도 동두천시 생연동 215-1번지,경기도 동두천시 장고갯로 140,127.0658973,37.907394
2015-09-18,동두천시,생연2동,031-860-3035,483032,경기도 동두천시 생연동 807-10번지,경기도 동두천시 강변로 364-5,127.0489689,37.9016687
2015-09-18,용인시,서농동,031-324-6681,446906,경기도 용인시 기흥구 서천동 335-2번지,경기도 용인시 기흥구 덕영대로 1664,127.0733652,37.2467988
2015-09-18,수원시,서둔동,031-228-6155,441856,경기도 수원시 권선구 서둔동 207-13번지,경기도 수원시 권선구 서호로 146,126.9860687,37.2726013
2015-09-18,화성시,서신면,031-369-277-1~7,445881,경기도 화성시 서신면 매화리 277번지,경기도 화성시 서신면 궁평항로 1702,126.7087366,37.1665872
2015-09-18,안성시,서운면,031-678-3740,456853,경기도 안성시 서운면 인리 107-4번지,경기도 안성시 서운면 서운중앙길 23,127.2595528,36.9433069
2015-09-18,평택시,서정동,031-8024-6950,459010,경기도 평택시 서정동 831번지,경기도 평택시 탄현로 170,127.054693,37.0677686
2015-09-18,양평군,서종면,031-770-3161,476813,경기도 양평군 서종면 문호리 766-1번지,경기도 양평군 서종면 북한강로 777,127.3487122,37.6065835
2015-09-18,평택시,서탄면,031-8024-6780,451852,경기도 평택시 서탄면 금암리 247번지,경기도 평택시 서탄면 금암2길 122,127.0353309,37.1082411
2015-09-18,성남시,서현1동,031-729-7740,463821,경기도 성남시 분당구 서현동 89-1번지,경기도 성남시 분당구 중앙공원로39번길 35,127.1260475,37.382861
2015-09-18,성남시,서현2동,031-729-7770,463818,경기도 성남시 분당구 서현동 296번지,경기도 성남시 분당구 돌마로476번길 17,127.1346032,37.3760542
2015-09-18,안양시,석수1동,031-8045-3690,430041,경기도 안양시 만안구 석수동 806번지 (806),경기도 안양시 만안구 경수대로 1252,126.9106237,37.4196236
2015-09-18,안양시,석수2동,031-8045-3700,430042,경기도 안양시 만안구 석수동 279-1번지,경기도 안양시 만안구 안양로 496,126.9093744,37.4138669
2015-09-18,안양시,석수3동,031-8045-3710,430043,경기도 안양시 만안구 석수동 600-3번지,경기도 안양시 만안구 석수로212번길 23,126.8951841,37.4092095
2015-09-18,포천시,선단동,031-538-3914,487020,경기도 포천시 선단동 631번지,경기도 포천시 삼육사로2186번길 11,127.1591707,37.8541742
2015-09-18,안산시,선부1동,031-481-6608,425827,경기도 안산시 단원구 선부동 964-4번지,경기도 안산시 단원구 선부광장서로 47,126.8044109,37.3343092
2015-09-18,안산시,선부2동,031-481-6609,425826,경기도 안산시 단원구 선부동 997-2번지,경기도 안산시 단원구 지곡로 46,126.8029199,37.3383614
2015-09-18,안산시,선부3동,031-481-6710,425832,경기도 안산시 단원구 선부동 1135번지,경기도 안산시 단원구 선삼로 47,126.8125448,37.3450482
2015-09-18,이천시,설성면,031-641-6001,467880,경기도 이천시 설성면 금당리 126-1번지,경기도 이천시 설성면 설장로17번길 6-5,127.5219954,37.1323629
2015-09-18,가평군,설악면,031-584-7301,477853,경기도 가평군 설악면 신천리 156-1번지,경기도 가평군 설악면 한서로 8,127.4946907,37.6761938
2015-09-18,부천시,성곡동,032-625-7602,421812,경기도 부천시 여월동 10-36번지,경기도 부천시 성오로 25,126.8031937,37.5167521
2015-09-18,성남시,성남동,031-729-6610,462827,경기도 성남시 중원구 성남동 3439번지,경기도 성남시 중원구 제일로35번길 51,127.1315804,37.4320362
2015-09-18,성남시,성남시청,031-729-2114,462700,경기도 성남시 중원구 여수동 200번지,경기도 성남시 중원구 성남대로 997,127.1262817,37.4201774
2015-09-18,용인시,성복동,031-324-8761,448831,경기도 용인시 수지구 성복동 777번지,경기도 용인시 수지구 성복1로 100,127.0690016,37.3164878
2015-09-18,고양시,성사1동,031-807-5570-1~14,412021,경기도 고양시 덕양구 성사동 408-1번지,경기도 고양시 덕양구 호국로790번길 101,126.841228,37.654418
2015-09-18,고양시,성사2동,031-8075-5722,412022,경기도 고양시 덕양구 성사2동 길 35 (성사동 734-1),,126.8604123,37.6449765
2015-09-18,안산시,성포동,031-481-5609,426837,경기도 안산시 상록구 성포동 585번지,경기도 안산시 상록구 충장로 468,126.8494479,37.3206974
2015-09-18,평택시,세교동,031-8024-5840,450818,경기도 평택시 세교동 559-4번지,경기도 평택시 세교3로 37,127.0824205,36.9999555
2015-09-18,수원시,세류1동,031-228-6602,441862,경기도 수원시 권선구 세류동 223-2번지,경기도 수원시 권선구 세류로38번길 10,127.0084008,37.2622543
2015-09-18,수원시,세류2동,031-228-6152,441876,경기도 수원시 권선구 세류동 980-1번지,경기도 수원시 권선구 덕영대로 1107,127.0130755,37.253366
2015-09-18,수원시,세류3동,031-228-6153,441868,경기도 수원시 권선구 세류동 476-11번지,경기도 수원시 권선구 정조로 557,127.0119447,37.2590463
2015-09-18,오산시,세마동,031-370-6320,447240,경기도 오산시 세교동 595-2번지,경기도 오산시 독산성로 419,127.0408236,37.1883003
2015-09-18,부천시,소사구청,032-625-6114,422701,경기도 부천시 소사본동 64번지,경기도 부천시 경인옛로 73,126.799948,37.480047
2015-09-18,부천시,소사동,032-625-5701,420050,경기도 부천시 소사동 23-1번지,경기도 부천시 소사로310번길 3-9,126.7946227,37.4858799
2015-09-18,부천시,소사본3동,032-625-6681,422233,경기도 부천시 소사본동 200-26번지,경기도 부천시 은성로68번길 56,126.7980907,37.4728105
2015-09-18,부천시,소사본동,032-625-6642,422232,경기도 부천시 소사본동 148-30번지,경기도 부천시 호현로 433,126.7921439,37.4762312
2015-09-18,동두천시,소요동,031-860-3154,483080,경기도 동두천시 동두천동 262번지,경기도 동두천시 평화로 2706,127.0572543,37.9294897
2015-09-18,광명시,소하1동,02-2680-6616,423821,경기도 광명시 소하동 1291번지,경기도 광명시 소하로 25,126.8849706,37.4522218
2015-09-18,광명시,소하2동,02-2680-6617,423052,경기도 광명시 소하동 324-2번지,경기도 광명시 설월로 10,126.8779151,37.4402709
2015-09-18,포천시,소흘읍,031-538-3901,487820,경기도 포천시 소흘읍 송우리 495번지 송우리 495호,경기도 포천시 소흘읍 호국로 567,127.138433,37.8234959
2015-09-18,부천시,송내1동,032-625-6762,422041,경기도 부천시 송내동 328-2번지,경기도 부천시 경인로9번길 25,126.756167,37.4841778
2015-09-18,부천시,송내2동,032-625-6782,422042,경기도 부천시 송내동 381-8번지,경기도 부천시 중동로22번길 101,126.7695906,37.4825505
2015-09-18,동두천시,송내동,031-860-3134,483020,경기도 동두천시 지행동 722-3번지,경기도 동두천시 동두천로 97,127.0539088,37.8902065
2015-09-18,평택시,송북동,031-8024-7070,459110,경기도 평택시 지산동 1011번지,경기도 평택시 지산2로 113,127.0602318,37.0816496
2015-09-18,의정부시,송산1동,031-828-4380,480050,경기도 의정부시 용현동 60-8번지,경기도 의정부시 민락로 13,127.086818,37.7311533
2015-09-18,의정부시,송산2동,031-828-4180,480090,경기도 의정부시 민락동 743-2번지,경기도 의정부시 용민로 115,127.0900002,37.7397462
2015-09-18,고양시,송산동,031-8075-7942,411808,경기도 고양시 일산서구 덕이동 446-9 (일산서구 송산로 84),경기도 고양시 일산서구 덕이로 50-7,126.7543447,37.6908
2015-09-18,화성시,송산면,031-369-276-1~7,445871,경기도 화성시 송산면 삼존리 203-5번지,경기도 화성시 송산면 매봉산길 12,126.7391625,37.2178414
2015-09-18,광주시,송정동,031-760-4517,464100,경기도 광주시 탄벌동 717-5번지,경기도 광주시 탄벌길 6,127.2460909,37.4197148
2015-09-18,수원시,송죽동,031-228-5609,440806,경기도 수원시 장안구 송죽동 502-1번지,경기도 수원시 장안구 송원로41번길 16-21,127.0070471,37.3005377
2015-09-18,평택시,송탄동,031-8024-6990,459060,경기도 평택시 가재동 20-53번지,경기도 평택시 방여울로 117,127.0948472,37.0444271
2015-09-18,평택시,송탄출장소,031-8024-6000,459705,경기도 평택시 서정동 800번지,경기도 평택시 경기대로 1366,127.0650903,37.0658098
2015-09-18,고양시,송포동,031-8075-7913,411802,경기도 고양시 일산서구 대화동 767-2번지,경기도 고양시 일산서구 대화로 143,126.7354521,37.6714242
2015-09-18,성남시,수내1동,031-729-7630,463838,경기도 성남시 분당구 수내동 30번지,경기도 성남시 분당구 내정로173번길 21,127.1180642,37.3754628
2015-09-18,성남시,수내2동,031-729-7650,463020,경기도 성남시 분당구 수내동 59번지,경기도 성남시 분당구 내정로166번길 17,127.1208549,37.3724614
2015-09-18,성남시,수내3동,031-729-7670,463864,경기도 성남시 분당구 수내동 80번지,경기도 성남시 분당구 돌마로356번길 43,127.1261381,37.3668623
2015-09-18,남양주시,수동면,031-590-2608,472850,경기도 남양주시 수동면 운수리 95-2번지 운수리 95-2,경기도 남양주시 수동면 비룡로 729,127.3259197,37.7036192
2015-09-18,군포시,수리동,031-390-8507,435854,경기도 군포시 산본동 1151-7번지,경기도 군포시 수리산로 38,126.9210383,37.3560656
2015-09-18,수원시,수원시청,031-228-2114,442701,경기도 수원시 팔달구 인계동 1111번지,경기도 수원시 팔달구 효원로 241,127.0286617,37.2634549
2015-09-18,성남시,수정구청,031-729-5114,461722,경기도 성남시 수정구 신흥동 30번지,경기도 성남시 수정구 수정로 283,127.1457121,37.4503102
2015-09-18,용인시,수지구청,031-324-8114,448171,경기도 용인시 수지구 풍덕천동 720번지,경기도 용인시 수지구 포은대로 435,127.0974471,37.3222236
2015-09-18,성남시,수진1동,031-729-5750,461805,경기도 성남시 수정구 수진동 1967번지,경기도 성남시 수정구 탄리로 19,127.1390271,37.4385727
2015-09-18,성남시,수진2동,031-729-5770,461873,경기도 성남시 수정구 수진동 3988번지,경기도 성남시 수정구 성남대로 1204,127.1287467,37.4373157
2015-09-18,구리시,수택1동,031-550-2606,471031,경기도 구리시 수택동 495-8번지,경기도 구리시 검배로93번길 35,127.1491626,37.5964376
2015-09-18,구리시,수택2동,031-550-2607,471032,경기도 구리시 수택동 445-28번지,경기도 구리시 원수택로12번길 16,127.1400932,37.5931907
2015-09-18,구리시,수택3동,031-550-2608,471033,경기도 구리시 수택동 848번지,경기도 구리시 체육관로 74,127.1386679,37.5915202
2015-09-18,성남시,시흥동,031-729-5910,461370,경기도 성남시 수정구 시흥동 17-8번지,경기도 성남시 수정구 여수대로56번길 6,127.1081641,37.4220695
2015-09-18,시흥시,시흥시청,031-310-2114,429701,경기도 시흥시 장현동 300번지,경기도 시흥시 시청로 20,126.8040654,37.3804232
2015-09-18,고양시,식사동,031-8075-6701,411820,경기도 고양시 일산동구 식사동 1536번지,경기도 고양시 일산동구 위시티2로11번길 22-21,126.812906,37.677241
2015-09-18,용인시,신갈동,031-324-660-1~5,446598,경기도 용인시 기흥구 신갈동 60-3번지,경기도 용인시 기흥구 신갈로58번길 11,127.1067683,37.2726044
2015-09-18,의정부시,신곡1동,031-828-4160,480071,경기도 의정부시 신곡동 716-1번지,경기도 의정부시 발곡로 17,127.0567884,37.7315392
2015-09-18,의정부시,신곡2동,031-828-4170,480072,경기도 의정부시 신곡동 672번지,경기도 의정부시 추동로23번길 7,127.0579232,37.7436621
2015-09-18,고양시,신도동,031-8075-5757,412020,경기도 고양시 덕양구 삼송동 143-1번지,경기도 고양시 덕양구 신도길 8,126.893649,37.652544
2015-09-18,이천시,신둔면,031-632-7001,467840,경기도 이천시 신둔면 수광리 153-1번지,경기도 이천시 신둔면 경충대로 3128,127.4040535,37.3062672
2015-09-18,용인시,신봉동,031-324-8641,448150,경기도 용인시 수지구 신봉동 898번지,경기도 용인시 수지구 수지로 215,127.0836404,37.3206663
2015-09-18,포천시,신북면,031-538-3905,487915,경기도 포천시 신북면 기지리 893-1번지,경기도 포천시 신북면 호국로 2065,127.2264139,37.933686
2015-09-18,연천군,신서면,031-839-2608,486830,경기도 연천군 신서면 도신리 285-2번지,경기도 연천군 신서면 연신로 1130,127.1069511,38.1829416
2015-09-18,평택시,신장1동,031-8024-7110,459120,경기도 평택시 신장동 338-55번지,경기도 평택시 신장로90번길 63,127.0523878,37.0839637
2015-09-18,하남시,신장1동,031-790-6602,465031,경기도 하남시 신장동 446-17번지,경기도 하남시 신장1로27번길 13,127.2095729,37.5387867
2015-09-18,평택시,신장2동,031-8024-7150,459122,경기도 평택시 신장동 280-23번지,경기도 평택시 밀월로21번길 7,127.0524366,37.0764523
2015-09-18,하남시,신장2동,031-790-6603,465032,경기도 하남시 신장동 521-1번지,경기도 하남시 대청로21번길 32,127.2139034,37.5416909
2015-09-18,오산시,신장동,031-370-6290,447140,경기도 오산시 궐동 585-2번지,경기도 오산시 청학로 125,127.0639326,37.1600799
2015-09-18,시흥시,신천동,031-310-4333,429812,경기도 시흥시 신천동 265-2번지,경기도 시흥시 포도원로 72,126.7817845,37.4354796
2015-09-18,성남시,신촌동,031-729-5870,461340,경기도 성남시 수정구 오야동 257-5번지,경기도 성남시 수정구 오야로 19,127.1044,37.4546644
2015-09-18,안양시,신촌동,031-8045-4750,431086,경기도 안양시 동안구 호계동 1056-2번지,경기도 안양시 동안구 동안로 28,126.9563166,37.3818028
2015-09-18,평택시,신평동,031-8024-5670,450833,경기도 평택시 합정동 832번지,경기도 평택시 평택3로 9,127.0926499,36.9900397
2015-09-18,시흥시,신현동,031-310-4362,429871,경기도 시흥시 포동 20-33번지,경기도 시흥시 신현로 46,126.7846119,37.4061802
2015-09-18,성남시,신흥1동,031-729-5610,461864,경기도 성남시 수정구 신흥동 5481번지,경기도 성남시 수정구 수정로188번길 7,127.1411824,37.4430499
2015-09-18,성남시,신흥2동,031-729-5630,461809,경기도 성남시 수정구 신흥동 1741-5번지,경기도 성남시 수정구 수정로 270,127.1458626,37.4486414
2015-09-18,성남시,신흥3동,031-729-5650,461811,경기도 성남시 수정구 신흥동 2819번지 (2819),경기도 성남시 수정구 공원로349번길 8,127.1488541,37.4435307
2015-09-18,부천시,신흥동,032-625-7722,421805,경기도 부천시 내동 10-2번지,경기도 부천시 삼작로 114,126.7736792,37.5199393
2015-09-18,부천시,심곡1동,032-625-5602,420824,경기도 부천시 심곡동 427-6번지,경기도 부천시 장말로351번길 9,126.7806102,37.4909256
2015-09-18,부천시,심곡2동,032-625-5622,420822,경기도 부천시 심곡동 135-3번지,경기도 부천시 부흥로424번길 25,126.7870835,37.4874127
2015-09-18,부천시,심곡3동,032-625-5642,420826,경기도 부천시 심곡동 352-3번지,경기도 부천시 부일로 393,126.7738724,37.487399
2015-09-18,부천시,심곡본1동,032-625-6602,422241,경기도 부천시 심곡본동 665-13번지,경기도 부천시 심곡로9번길 54,126.7789933,37.4824423
2015-09-18,부천시,심곡본동,032-625-6622,422240,경기도 부천시 심곡본동 685-15번지,경기도 부천시 성주로249번길 19,126.7800611,37.4807216
2015-09-18,안산시,안산동,031-481-5611,426400,경기도 안산시 상록구 수암동 506번지,경기도 안산시 상록구 장하로 315,126.8733509,37.3618773
2015-09-18,안산시,안산시청,031-481-2000,425702,경기도 안산시 단원구 고잔동 515번지,경기도 안산시 단원구 화랑로 387,126.8302427,37.3221311
2015-09-18,안성시,안성1동,031-678-4010,456060,경기도 안성시 영동 410-1번지,경기도 안성시 낙원길 95,127.2742672,37.0056721
2015-09-18,안성시,안성2동,031-678-4030,456270,경기도 안성시 도기동 67-4번지,경기도 안성시 강변로74번길 16,127.2698586,37.0006289
2015-09-18,안성시,안성3동,031-678-4050,456360,경기도 안성시 당왕동 534-7번지,경기도 안성시 고수2로 11,127.2577398,37.0142333
2015-09-18,안성시,안성시청,031-678-2114,456701,경기도 안성시 봉산동 31-3번지,경기도 안성시 시청길 25,127.2804867,37.0080147
2015-09-18,안양시,안양1동,031-8045-3600,430011,경기도 안양시 만안구 안양동 1383번지,경기도 안양시 만안구 장내로 170,126.9258992,37.3991017
2015-09-18,안양시,안양2동,031-8045-3610,430012,경기도 안양시 만안구 안양동 842-2번지,경기도 안양시 만안구 안양로384번길 50,126.9178334,37.4050864
2015-09-18,안양시,안양3동,031-8045-3620,430013,경기도 안양시 만안구 안양동 1195-33번지,경기도 안양시 만안구 양화로 28,126.9147441,37.396283
2015-09-18,안양시,안양4동,031-8045-3630,430014,경기도 안양시 만안구 안양동 711-399번지,경기도 안양시 만안구 냉천로193번길 34,126.9178744,37.3965447
2015-09-18,안양시,안양5동,031-8045-3640,430015,경기도 안양시 만안구 안양동 707-103번지,경기도 안양시 만안구 냉천로157번길 18,126.9208446,37.3942978
2015-09-18,안양시,안양6동,031-8045-3650,430016,경기도 안양시 만안구 안양동 437-4번지,경기도 안양시 만안구 안양로170번길 23,126.9305786,37.3900691
2015-09-18,안양시,안양7동,031-8045-3660,430017,경기도 안양시 만안구 안양동 194-55번지,경기도 안양시 만안구 덕천로 94-9,126.935008,37.38966
2015-09-18,안양시,안양8동,031-8045-3670,430018,경기도 안양시 만안구 안양동 572-1번지,경기도 안양시 만안구 안양로111번길 17,126.9321332,37.384217
2015-09-18,안양시,안양9동,031-8045-3680,430019,경기도 안양시 만안구 안양동 995-27번지,경기도 안양시 만안구 병목안로142번길 12-9,126.9084212,37.3914704
2015-09-18,안양시,안양시청,031-8045-2114,431728,경기도 안양시 동안구 관양동 1590번지,경기도 안양시 동안구 시민대로 235,126.9568605,37.3942984
2015-09-18,평택시,안중읍,031-8024-8510,451880,경기도 평택시 안중읍 안중리 445-16번지,경기도 평택시 안중읍 안현로 400,126.9313159,36.9860335
2015-09-18,평택시,안중출장소,031-8024-8000,451882,경기도 평택시 안중읍 학현리 572번지,경기도 평택시 안중읍 서동대로 1531,126.9201511,36.9901355
2015-09-18,성남시,야탑1동,031-729-7830,463827,경기도 성남시 분당구 야탑동 363번지,경기도 성남시 분당구 장미로86번길 18,127.1302351,37.4120495
2015-09-18,성남시,야탑2동,031-729-7850,463840,경기도 성남시 분당구 야탑동 508번지,경기도 성남시 분당구 야탑로76번길 5,127.1273751,37.4094253
2015-09-18,성남시,야탑3동,031-729-7870,463835,경기도 성남시 분당구 야탑동 307번지,경기도 성남시 분당구 야탑로167번길 12,127.1379411,37.4108334
2015-09-18,부천시,약대동,032-625-5801,420830,경기도 부천시 약대동 123번지,경기도 부천시 수도로 44,126.7713104,37.5133069
2015-09-18,화성시,양감면,031-369-282-1~7,455931,경기도 화성시 양감면 신왕리 676-4번지,경기도 화성시 양감면 은행나무로 255,126.9443523,37.0814356
2015-09-18,양평군,양동면,031-770-3251,476882,경기도 양평군 양동면 쌍학리 181-3번지,경기도 양평군 양동면 학둔지아래길 93,127.754806,37.419076
2015-09-18,양평군,양서면,031-770-3101,476824,경기도 양평군 양서면 용담리 520-1번지,경기도 양평군 양서면 목왕로 31,127.3260518,37.5439789
2015-09-18,안성시,양성면,031-678-3830,456931,경기도 안성시 양성면 동항리 324번지,경기도 안성시 양성면 읍내길 21,127.1946219,37.0600525
2015-09-18,남양주시,양정동,031-590-2664,472030,경기도 남양주시 일패동 466-10번지,경기도 남양주시 홍유릉로 55,127.1871418,37.6163566
2015-09-18,양주시,양주1동,031-8082-7702,482040,경기도 양주시 남방동 119-4번지,경기도 양주시 외미로64번길 45,127.0440716,37.7733603
2015-09-18,양주시,양주2동,031-8082-7722,482110,경기도 양주시 만송동 695번지,경기도 양주시 고읍로 77,127.0803459,37.7968959
2015-09-18,양주시,양주시청,031-8082-4114,482709,경기도 양주시 남방동 1-1번지,경기도 양주시 부흥로 1533,127.0466535,37.7855692
2015-09-18,성남시,양지동,031-729-5830,461816,경기도 성남시 수정구 양지동 870번지,경기도 성남시 수정구 산성대로 483,127.1609609,37.4549
2015-09-18,용인시,양지면,031-324-5842,449823,경기도 용인시 처인구 양지면 양지리 701-9번지,경기도 용인시 처인구 양지면 양지로105번길 5,127.2798397,37.2354873
2015-09-18,김포시,양촌읍,031-980-5286,415840,김포시 양촌읍 양곡 1로 56번길 49 (양곡리 471),,126.6253699,37.6574635
2015-09-18,양평군,양평군청,031-773-5101,476703,경기도 양평군 양평읍 양근리 448-8번지,경기도 양평군 양평읍 군청앞길 2,127.4876821,37.491741
2015-09-18,양평군,양평읍,031-770-3001,476804,경기도 양평군 양평읍 창대리 436-1번지,경기도 양평군 양평읍 양근로 376,127.5055105,37.4787745
2015-09-18,여주시,여주시청,031-887-2112,469704,경기도 여주시 홍문동 4번지,경기도 여주시 세종로 1,127.6366239,37.298213
2015-09-18,여주시,여흥동,031-887-3763,469803,경기도 여주시 상동 285-2번지,경기도 여주시 여흥로 148,127.639708,37.295044
2015-09-18,부천시,역곡1동,032-625-5722,420101,경기도 부천시 역곡동 225-29번지,경기도 부천시 부일로791번길 14,126.8166945,37.4892536
2015-09-18,부천시,역곡2동,032-625-5742,420100,경기도 부천시 역곡동 36-9번지,경기도 부천시 부일로699번길 35,126.8066708,37.4860733
2015-09-18,부천시,역곡3동,032-625-6742,422103,경기도 부천시 괴안동 108-1번지,경기도 부천시 부광로8번길 53,126.8102164,37.4825831
2015-09-18,용인시,역삼동,031-324-5921,449933,용인시 처인구 명지로26번길 10,,127.187231,37.233805
2015-09-18,수원시,연무동,031-228-5771,440808,경기도 수원시 장안구 연무동 181-1번지,경기도 수원시 장안구 경수대로 757,127.02149,37.290433
2015-09-18,시흥시,연성동,031-310-4692,429843,경기도 시흥시 장현동 272-9번지,경기도 시흥시 새재로 30,126.8034528,37.3815286
2015-09-18,연천군,연천군청,031-834-2211,486701,경기도 연천군 연천읍 차탄리 290-1번지,경기도 연천군 연천읍 연천로 220,127.07526,38.0965115
2015-09-18,연천군,연천읍,031-839-2601,486800,경기도 연천군 연천읍 차탄리 4-4번지,경기도 연천군 연천읍 연천로 302,127.0758604,38.1038877
2015-09-18,용인시,영덕동,031-324-680-1~9,446908,경기도 용인시 기흥구 영덕동 974-7번지,경기도 용인시 기흥구 흥덕2로 115,127.0738103,37.2778448
2015-09-18,포천시,영북면,031-538-3910,487892,경기도 포천시 영북면 운천리 340-6번지,경기도 포천시 영북면 영북로 166,127.2756357,38.0892933
2015-09-18,포천시,영중면,031-538-3907,487883,경기도 포천시 영중면 양문리 833-2번지,경기도 포천시 영중면 양문로 151,127.2454907,38.0057079
2015-09-18,수원시,영통1동,031-228-8727,443809,경기도 수원시 영통구 영통동 947-6번지,경기도 수원시 영통구 봉영로1759번길 23,127.0805544,37.2663431
2015-09-18,수원시,영통2동,031-228-8744,443812,경기도 수원시 영통구 영통동 977-3번지,경기도 수원시 영통구 영통로217번길 12,127.0563236,37.2469631
2015-09-18,수원시,영통구청,031-228-8585,443765,경기도 수원시 영통구 매탄동 1268번지,경기도 수원시 영통구 효원로 407,127.0465075,37.2596
2015-09-18,수원시,영화동,031-228-5628,440818,경기도 수원시 장안구 영화동 250-1번지,경기도 수원시 장안구 수성로382번길 24,127.0141019,37.293163
2015-09-18,군포시,오금동,031-390-8506,435058,경기도 군포시 금정동 871-13번지,경기도 군포시 고산로 406,126.9295356,37.3510324
2015-09-18,남양주시,오남읍,031-590-2605,472881,경기도 남양주시 오남읍 양지리 96-10번지,경기도 남양주시 오남읍 진건오남로 806-34,127.2048422,37.6985759
2015-09-18,오산시,오산시청,031-370-3114,447701,경기도 오산시 오산동 915번지,경기도 오산시 성호대로 141,127.0776652,37.1490355
2015-09-18,평택시,오성면,031-8024-8810,451873,경기도 평택시 오성면 숙성리 129-1번지,경기도 평택시 오성면 숙성시장길 23,126.9803196,37.0077606
2015-09-18,의왕시,오전동,031-345-3171,437817,경기도 의왕시 오전동 844-18번지,경기도 의왕시 찬우물길 11,126.9715207,37.3536017
2015-09-18,부천시,오정구청,032-625-7114,421705,경기도 부천시 오정동 129번지,경기도 부천시 성오로 172,126.7960269,37.5283485
2015-09-18,부천시,오정동,032-625-7702,421170,경기도 부천시 오정동 114-4번지,경기도 부천시 오정로252번길 88,126.7907626,37.5288438
2015-09-18,광주시,오포읍,031-760-4836,464909,경기도 광주시 오포읍 추자리 102-16번지,경기도 광주시 오포읍 오포로859번길 29,127.2285945,37.3661933
2015-09-18,여주시,오학동,031-887-3971,469855,경기도 여주시 오학동 254-1번지,경기도 여주시 여양로 313,127.64439,37.30972
2015-09-18,양평군,옥천면,031-770-3131,476832,경기도 양평군 옥천면 옥천리 865-17번지,경기도 양평군 옥천면 옥천길 21,127.4560503,37.5181476
2015-09-18,안산시,와동,031-481-6601,425840,경기도 안산시 단원구 와동 280-1번지,경기도 안산시 단원구 선부로 273,126.825558,37.3417704
2015-09-18,남양주시,와부읍,031-590-2601,472900,경기도 남양주시 와부읍 덕소리 117-1번지,경기도 남양주시 와부읍 월문천로 35,127.2163294,37.5855145
2015-09-18,연천군,왕징면,031-839-2607,486870,경기도 연천군 왕징면 무등리 8-2번지,경기도 연천군 왕징면 왕산로 44,127.0128027,38.058599
2015-09-18,양평군,용문면,031-770-3311,476845,경기도 양평군 용문면 다문리 344-2번지,경기도 양평군 용문면 용문로 389,127.5957113,37.4867442
2015-09-18,용인시,용인시청,031-324-2114,449704,경기도 용인시 처인구 삼가동 556번지,경기도 용인시 처인구 중부대로 1199,127.1779688,37.240867
2015-09-18,수원시,우만1동,031-228-7610,442819,수원시 팔달구 경수대로 656번길 37-17 (우만동 506),,127.0294188,37.2853824
2015-09-18,수원시,우만2동,031-228-7611,442816,경기도 수원시 팔달구 우만동 108-3번지,경기도 수원시 팔달구 중부대로207번길 33,127.0397805,37.2780017
2015-09-18,화성시,우정읍,031-369-280-1~7,445955,경기도 화성시 우정읍 조암리 411-1번지,경기도 화성시 우정읍 쌍봉로 109-14,126.8153619,37.0898254
2015-09-18,파주시,운정1동,031-940-5751,413190,경기도 파주시 와동동 1390번지,경기도 파주시 금바위로 10,126.7585956,37.7253124
2015-09-18,파주시,운정2동,031-940-8651,413110,경기도 파주시 목동동 656번지,경기도 파주시 해솔로 90,126.7466414,37.7288768
2015-09-18,파주시,운정3동,031-940-8771,413833,경기도 파주시 동패동 1759-2번지,경기도 파주시 와석순환로 125,126.7458456,37.7121171
2015-09-18,성남시,운중동,031-729-7970,463440,경기도 성남시 분당구 운중동 935번지,경기도 성남시 분당구 운중로138번길 10,127.0778911,37.3905828
2015-09-18,안산시,원곡1동,031-481-6605,425847,경기도 안산시 단원구 원곡동 821-1번지,경기도 안산시 단원구 원선로 31,126.7969129,37.3279173
2015-09-18,안산시,원곡2동,031-481-6606,425907,경기도 안산시 단원구 원곡동 936-5번지,경기도 안산시 단원구 원선로 91,126.8018317,37.331609
2015-09-18,안성시,원곡면,031-678-3860,456811,경기도 안성시 원곡면 외가천리 273-1번지,경기도 안성시 원곡면 가천중앙1길 46,127.129479,37.0394276
2015-09-18,안산시,원곡본동,031-481-6604,425846,경기도 안산시 단원구 원곡동 991-3번지,경기도 안산시 단원구 부부로 55,126.7908684,37.3332877
2015-09-18,부천시,원미1동,032-625-5662,420111,경기도 부천시 원미동 99-2번지,경기도 부천시 부천로122번길 60,126.7885335,37.4944972
2015-09-18,부천시,원미2동,032-625-5682,420110,경기도 부천시 원미동 126-4번지,경기도 부천시 조종로36번길 26,126.7882919,37.491938
2015-09-18,부천시,원미구청,032-625-5114,420701,경기도 부천시 원미동 71번지,경기도 부천시 부천로136번길 27,126.7875139,37.4967335
2015-09-18,용인시,원삼면,031-324-5741,449872,경기도 용인시 처인구 원삼면 고당리 88-1번지,경기도 용인시 처인구 원삼면 원양로 64,127.3132635,37.1665888
2015-09-18,고양시,원신동,031-8075-5672,214070,경기도 고양시 덕양구 신원동 437-25번지,경기도 고양시 덕양구 호국로 1261,126.875808,37.67734
2015-09-18,부천시,원종1동,032-625-7622,421201,경기도 부천시 원종동 233-3번지,경기도 부천시 원종로51번길 43,126.8054638,37.5259605
2015-09-18,부천시,원종2동,032-625-7642,421202,경기도 부천시 오정동 139-7번지,경기도 부천시 성오로 129,126.7991352,37.5251787
2015-09-18,수원시,원천동,031-228-8686,443822,경기도 수원시 영통구 원천동 610번지,경기도 수원시 영통구 중부대로 339,127.0532675,37.2734948
2015-09-18,평택시,원평동,031-8024-5710,450040,경기도 평택시 통복동 172-6번지,경기도 평택시 원평2로 9,127.0804949,36.9892772
2015-09-18,김포시,월곶면,031-980-5345,415870,경기도 김포시 월곶면 군하리 83-2번지,경기도 김포시 월곶면 군하로276번길 20,126.5521383,37.7169678
2015-09-18,파주시,월롱면,031-940-8068,413812,경기도 파주시 월롱면 위전리 598-4번지,경기도 파주시 월롱면 휴암로 11,126.7901972,37.7961275
2015-09-18,안산시,월피동,031-481-5608,426829,경기도 안산시 상록구 부곡동 738번지,경기도 안산시 상록구 시낭북로 4,126.8568333,37.3337031
2015-09-18,용인시,유림동,031-324-5954,449935,경기도 용인시 처인구 유방동 475-20번지,경기도 용인시 처인구 백옥대로 1315,127.2120516,37.252856
2015-09-18,이천시,율면,031-641-8001,467891,경기도 이천시 율면 고당리 241-22번지,경기도 이천시 율면 고당로 132,127.5464534,37.0943111
2015-09-18,수원시,율천동,031-228-5605,440828,경기도 수원시 장안구 율전동 433-2번지,경기도 수원시 장안구 서부로2106번길 27,126.9714245,37.2976151
2015-09-18,성남시,은행1동,031-729-6690,462152,경기도 성남시 중원구 은행동 2192번지,경기도 성남시 중원구 은행로 85,127.1689249,37.452121
2015-09-18,성남시,은행2동,031-729-6710,462152,경기도 성남시 중원구 은행동 1032번지,경기도 성남시 중원구 은이로 21,127.166673,37.457079
2015-09-18,시흥시,은행동,031-310-4392,429835,경기도 시흥시 은행동 113-9번지,경기도 시흥시 수인로3247번길 25,126.798014,37.436309
2015-09-18,양주시,은현면,031-8082-7544,482862,경기도 양주시 은현면 선암리 341-2번지,경기도 양주시 은현면 은현로 66,127.0247734,37.874911
2015-09-18,의왕시,의왕시청,031-345-2114,437701,경기도 의왕시 고천동 171번지,경기도 의왕시 시청로 11,126.9679891,37.3453186
2015-09-18,의정부시,의정부1동,031-828-4110,480011,경기도 의정부시 의정부동 225-1번지,경기도 의정부시 가능로152번길 14,127.0476183,37.7464489
2015-09-18,의정부시,의정부2동,031-828-4120,480012,경기도 의정부시 의정부동 433-52번지,경기도 의정부시 신흥로 275,127.0427861,37.7407818
2015-09-18,의정부시,의정부3동,031-828-4130,480013,경기도 의정부시 의정부동 371번지,경기도 의정부시 경의로 120,127.0489346,37.7327536
2015-09-18,의정부시,의정부시청,031-828-2114,480703,경기도 의정부시 의정부동 326-2번지,경기도 의정부시 시민로 1,127.0338355,37.7380638
2015-09-18,안산시,이동,031-481-5612,426857,경기도 안산시 상록구 이동 578-12번지,경기도 안산시 상록구 이동로 46,126.8608393,37.3054479
2015-09-18,용인시,이동면,031-324-569-1~2,449832,경기도 용인시 처인구 이동면 송전리 750-3번지,경기도 용인시 처인구 이동면 경기동로 673,127.196198,37.1411206
2015-09-18,포천시,이동면,031-538-3909,487863,경기도 포천시 이동면 장암리 245-3번지,경기도 포천시 이동면 화동로 2048,127.3673062,38.0307208
2015-09-18,성남시,이매1동,031-729-7790,463829,경기도 성남시 분당구 이매동 109번지,경기도 성남시 분당구 성남대로779번길 10,127.1271642,37.3995539
2015-09-18,성남시,이매2동,031-729-7810,463806,경기도 성남시 분당구 이매동 138번지,경기도 성남시 분당구 탄천로79번길 19,127.1218922,37.3995775
2015-09-18,이천시,이천시청,031-644-2000,467717,경기도 이천시 중리동 490번지,경기도 이천시 부악로 40,127.4350343,37.2721236
2015-09-18,수원시,인계동,031-228-7612,442831,경기도 수원시 팔달구 인계동 909-69번지,경기도 수원시 팔달구 인계로29번길 6,127.0213359,37.2703764
2015-09-18,구리시,인창동,031-550-2603,471010,경기도 구리시 인창동 576-6번지,경기도 구리시 응달말로 46,127.1349912,37.6045311
2015-09-18,안산시,일동,031-481-5601,426856,경기도 안산시 상록구 일동 706-3번지,경기도 안산시 상록구 성호로 53,126.8661998,37.3103268
2015-09-18,포천시,일동면,031-538-3908,487851,경기도 포천시 일동면 기산리 96-137번지 일동면사무소 96동 137호,경기도 포천시 일동면 화동로1099번길 30,127.3172872,37.9612753
2015-09-18,고양시,일산1동,031-8075-7704,411311,경기도 고양시 일산서구 일산동 963-6번지,경기도 고양시 일산서구 원일로 55,126.768521,37.687197
2015-09-18,고양시,일산2동,031-8075-7736,411312,경기도 고양시 일산서구 일산동 1679 (일산서구 일산시장로 3),,126.7772793,37.6846
2015-09-18,고양시,일산3동,031-915-8618,411313,경기도 고양시 일산서구 일산동 1100번지,경기도 고양시 일산서구 강선로 158,126.770232,37.676898
2015-09-18,고양시,일산동구청,031-909-9000,410702,경기도 고양시 일산동구 마두동 815번지,경기도 고양시 일산동구 중앙로 1256,126.774914,37.658559
2015-09-18,고양시,일산서구청,031-909-9000,411702,경기도 고양시 일산서구 대화동 2199번지,경기도 고양시 일산서구 중앙로 1542,126.750632,37.675112
2015-09-18,안성시,일죽면,031-678-3890,456915,경기도 안성시 일죽면 송천리 253-1번지,경기도 안성시 일죽면 금일로 433,127.4770372,37.0905667
2015-09-18,수원시,입북동,031-228-6627,441470,경기도 수원시 권선구 입북동 429-9번지,경기도 수원시 권선구 입북로 17,126.9595437,37.293211
2015-09-18,의정부시,자금동,031-828-4190,480130,경기도 의정부시 금오동 285-52번지,경기도 의정부시 거북로 13,127.0581599,37.7503111
2015-09-18,김포시,장기동,031-980-5967,415798,경기도 김포시 장기동 2055-2번지,경기도 김포시 김포한강2로 112,126.6713321,37.6397251
2015-09-18,연천군,장남면,031-839-2610,486890,경기도 연천군 장남면 원당리 681-5번지,경기도 연천군 장남면 장백로 244,126.8845718,37.9821301
2015-09-18,파주시,장단출장소,031-940-8245,413920,경기도 파주시 군내면 백연리 480-1번지,경기도 파주시 군내면 통일촌길 220,126.7309526,37.9061392
2015-09-18,수원시,장안구청,031-228-5114,440715,경기도 수원시 장안구 조원동 888번지,경기도 수원시 장안구 송원로 101,127.0096236,37.3033812
2015-09-18,화성시,장안면,031-369-279-1~7,445942,경기도 화성시 장안면 사랑리 138-14번지,경기도 화성시 장안면 포승장안로 1460-7,126.8311496,37.0794939
2015-09-18,의정부시,장암동,031-828-4150,480030,경기도 의정부시 장암동 20-10번지,경기도 의정부시 장곡로250번길 23,127.0542663,37.7264084
2015-09-18,고양시,장항1동,031-8075-6915,411381,경기도 고양시 일산동구 장항동 578-2번지,경기도 고양시 일산동구 장항로225번길 72,126.770714,37.641578
2015-09-18,고양시,장항2동,031-8075-6932,411382,경기도 고양시 일산동구 장항동 900번지,경기도 고양시 일산동구 노루목로 114,126.778302,37.649838
2015-09-18,이천시,장호원읍,031-641-3001,467900,경기도 이천시 장호원읍 진암리 17-21번지,경기도 이천시 장호원읍 서동대로 8844-6,127.6168367,37.1149424
2015-09-18,양주시,장흥면,031-8082-7632,482812,경기도 양주시 장흥면 일영리 137-2번지,경기도 양주시 장흥면 권율로 7,126.9410669,37.717883
2015-09-18,군포시,재궁동,031-390-8505,435055,경기도 군포시 금정동 850-4번지,경기도 군포시 번영로550번길 25,126.9390419,37.3584406
2015-09-18,파주시,적성면,031-940-8181,413913,경기도 파주시 적성면 마지리 48-1번지,경기도 파주시 적성면 청송로 1013,126.9176169,37.954283
2015-09-18,연천군,전곡읍,031-839-2602,486900,경기도 연천군 전곡읍 은대리 573번지,경기도 연천군 전곡읍 은전로 45,127.0637091,38.0280123
2015-09-18,여주시,점동면,031-887-3812,469872,경기도 여주시 점동면 청안리 124-1번지,경기도 여주시 점동면 청안로 132,127.6622982,37.2060123
2015-09-18,화성시,정남면,031-369-462-1~6,445961,경기도 화성시 정남면 신리 260-1번지,경기도 화성시 정남면 서봉로 998,126.9711115,37.1602738
2015-09-18,고양시,정발산동,031-8075-6771,411314,경기도 고양시 일산동구 정발산동 1212번지,경기도 고양시 일산동구 일산로 422,126.779815,37.672418
2015-09-18,시흥시,정왕1동,031-310-4542,429861,경기도 시흥시 정왕동 1785-3번지,경기도 시흥시 정왕대로298번길 15,126.7439849,37.3402596
2015-09-18,시흥시,정왕2동,031-310-4572,429853,경기도 시흥시 정왕동 1849-1번지,경기도 시흥시 정왕대로 122,126.7289508,37.3510384
2015-09-18,시흥시,정왕3동,031-310-4604,429864,경기도 시흥시 정왕동 1866-1번지,경기도 시흥시 정왕대로53번길 38,126.7264484,37.3576102
2015-09-18,시흥시,정왕4동,031-310-4632,429865,경기도 시흥시 정왕동 1878-13번지,경기도 시흥시 함송로29번길 23,126.7322537,37.365502
2015-09-18,시흥시,정왕본동,031-310-4525,429455,경기도 시흥시 정왕동 2149-3번지,경기도 시흥시 역전로 228,126.7460667,37.3494077
2015-09-18,성남시,정자1동,031-729-7690,463010,경기도 성남시 분당구 정자동 147번지,경기도 성남시 분당구 황새울로18번길 14,127.1115403,37.3614492
2015-09-18,수원시,정자1동,031-228-5626,440840,경기도 수원시 장안구 정자동 840-96번지,경기도 수원시 장안구 정자로130번길 20,126.9912923,37.3022135
2015-09-18,성남시,정자2동,031-729-7710,463833,경기도 성남시 분당구 정자동 118번지,경기도 성남시 분당구 내정로 66,127.1152678,37.3660048
2015-09-18,수원시,정자2동,031-228-5607,440832,경기도 수원시 장안구 정자동 32-7번지,경기도 수원시 장안구 송정로24번길 34,127.0004375,37.2950777
2015-09-18,성남시,정자3동,031-729-7730,463814,경기도 성남시 분당구 정자동 201번지,경기도 성남시 분당구 돌마로 242,127.1195538,37.360789
2015-09-18,수원시,정자3동,031-228-5712,440841,경기도 수원시 장안구 정자동 879-4번지,경기도 수원시 장안구 대평로 85,126.9925833,37.2957009
2015-09-18,파주시,조리읍,031-940-8121,413823,경기도 파주시 조리읍 봉일천리 188-6번지,경기도 파주시 조리읍 봉천로 64,126.8052374,37.7447623
2015-09-18,남양주시,조안면,031-590-2609,472870,경기도 남양주시 조안면 조안리 173-3번지,경기도 남양주시 조안면 북한강로 120,127.3034557,37.5358833
2015-09-18,수원시,조원1동,031-228-5610,440847,경기도 수원시 장안구 조원동 735번지,경기도 수원시 장안구 금당로 56,127.0164992,37.3017982
2015-09-18,수원시,조원2동,031-228-5733,440200,경기도 수원시 장안구 조원동 877번지,경기도 수원시 장안구 송원로 109-50,127.009678,37.3056158
2015-09-18,고양시,주교동,031-8075-5654,412010,경기도 고양시 덕양구 주교동 265-1번지,경기도 고양시 덕양구 고양대로1315번길 71,126.829602,37.659442
2015-09-18,고양시,주엽1동,031-911-0488,411371,경기도 고양시 일산서구 주엽동 69번지,경기도 고양시 일산서구 강성로 109,126.763279,37.670075
2015-09-18,고양시,주엽2동,031-8075-7852,411372,경기도 고양시 일산서구 일산동 1069번지,경기도 고양시 일산서구 후곡로 58,126.7658371,37.6820335
2015-09-18,안성시,죽산면,031-678-3920,456894,경기도 안성시 죽산면 죽산리 348번지,경기도 안성시 죽산면 죽산초교길 61,127.422482,37.0785588
2015-09-18,용인시,죽전1동,031-324-8661,448161,경기도 용인시 수지구 죽전동 1070-9번지,경기도 용인시 수지구 대지로15번길 50,127.1139958,37.3310497
2015-09-18,용인시,죽전2동,031-264-6977,448160,경기도 용인시 수지구 죽전동 1003-229번지,경기도 용인시 수지구 포은대로 523,127.1067309,37.3259098
2015-09-18,부천시,중1동,032-625-5842,420021,경기도 부천시 중동 1184번지,경기도 부천시 조마루로 250,126.7714118,37.4978531
2015-09-18,부천시,중2동,032-625-5862,420022,경기도 부천시 중동 1192-2번지,경기도 부천시 심중로119번길 8,126.7698993,37.4939795
2015-09-18,부천시,중3동,032-625-5882,420855,경기도 부천시 중동 1078-4번지,경기도 부천시 옥산로113번길 39,126.7780529,37.5037439
2015-09-18,부천시,중4동,032-625-5902,420847,경기도 부천시 중동 1032번지,경기도 부천시 석천로209번길 15,126.7625923,37.5060493
2015-09-18,부천시,중동,032-625-5822,420020,경기도 부천시 중동 801번지,경기도 부천시 부일로 342,126.768186,37.4878133
2015-09-18,이천시,중리동,031-633-9003,467030,경기도 이천시 중리동 187번지,경기도 이천시 서희로 27,127.4418958,37.277872
2015-09-18,연천군,중면,031-839-2609,486810,경기도 연천군 중면 삼곶리 302번지,경기도 연천군 중면 군중로 400,127.0191034,38.1358246
2015-09-18,광주시,중부면,031-760-4984,464809,경기도 광주시 남한산성면 광지원리 112번지,경기도 광주시 남한산성면 남한산성로 2,127.2442808,37.4633816
2015-09-18,고양시,중산동,031-8075-6741,410831,경기도 고양시 일산동구 중산동 1573-4번지,경기도 고양시 일산동구 중산로 224,126.780433,37.691769
2015-09-18,과천시,중앙동,02-2150-3100,427806,경기도 과천시 관문동 107-5번지,경기도 과천시 관악산길 58,126.9926915,37.4360881
2015-09-18,동두천시,중앙동,031-860-3056,483800,경기도 동두천시 생연동 587-16번지,경기도 동두천시 생연로 172,127.0532394,37.9077572
2015-09-18,성남시,중앙동,031-729-6630,462170,경기도 성남시 중원구 중앙동 7-1번지,경기도 성남시 중원구 광명로 281,127.1574795,37.4439808
2015-09-18,여주시,중앙동,031-887-3411,12623,경기도 여주시 하동 134-11번지,경기도 여주시 여흥로11번길 26,127.628936,37.298663
2015-09-18,오산시,중앙동,031-370-6200,447010,경기도 오산시 오산동 850-1번지,경기도 오산시 경기대로 307,127.072989,37.152003
2015-09-18,용인시,중앙동,031-324-5894,449925,경기도 용인시 처인구 김량장동 303-3번지,경기도 용인시 처인구 금령로78번길 7,127.2056662,37.2342373
2015-09-18,평택시,중앙동,031-8024-6910,459812,경기도 평택시 서정동 342번지,경기도 평택시 서정역로 16,127.0560559,37.0555602
2015-09-18,성남시,중원구청,031-729-6114,462712,경기도 성남시 중원구 성남동 3129번지,경기도 성남시 중원구 제일로 36,127.1372991,37.4303971
2015-09-18,이천시,증포동,031-633-1002,467802,경기도 이천시 증포동 182-5번지,경기도 이천시 증신로156번길 15,127.4524841,37.2903852
2015-09-18,남양주시,지금동,031-590-2665,472080,경기도 남양주시 지금동 74-1번지,경기도 남양주시 강변북로 911-24,127.1684645,37.6093895
2015-09-18,수원시,지동,031-228-7609,442838,경기도 수원시 팔달구 지동 479번지,경기도 수원시 팔달구 팔달문로115번길 5,127.0284703,37.282038
2015-09-18,평택시,지산동,031-8024-7030,459110,경기도 평택시 지산동 798-4번지,경기도 평택시 송탄로 379,127.0575834,37.0774051
2015-09-18,양평군,지평면,031-770-3281,476874,경기도 양평군 지평면 지평리 581-1번지,경기도 양평군 지평면 지평의병로116번길 1,127.6393102,37.4745259
2015-09-18,남양주시,진건읍,031-590-2604,472701,경기도 남양주시 진건읍 사능리 645-1번지,경기도 남양주시 진건읍 진건오남로 41-19,127.177687,37.6546414
2015-09-18,화성시,진안동,031-369-4500,445390,경기도 화성시 진안동 460-9번지,경기도 화성시 병점4로 34,127.0350013,37.2133334
2015-09-18,평택시,진위면,031-8024-6712,451864,경기도 평택시 진위면 봉남리 229번지,경기도 평택시 진위면 봉남길 61,127.0908939,37.1001164
2015-09-18,남양주시,진접읍,031-590-2602,472865,경기도 남양주시 진접읍 장현리 68-39번지,경기도 남양주시 진접읍 금강로 1509-26,127.1898638,37.7263293
2015-09-18,고양시,창릉동,031-8075-5772,412090,경기도 고양시 덕양구 동산동 46번지,경기도 고양시 덕양구 고양대로 1988,126.899241,37.646407
2015-09-18,포천시,창수면,031-538-3906,487921,경기도 포천시 창수면 주원리 249-1번지,경기도 포천시 창수면 메치골로 178,127.1890876,37.9913107
2015-09-18,이천시,창전동,031-633-9001,467807,경기도 이천시 창전동 420-9번지,경기도 이천시 영창로163번길 22,127.4411449,37.2828881
2015-09-18,용인시,처인구청,031-324-5114,449790,경기도 용인시 처인구 김량장동 286번지,경기도 용인시 처인구 금령로 50,127.2013393,37.2343781
2015-09-18,하남시,천현동,031-790-6601,465250,경기도 하남시 하산곡동 172-1번지,경기도 하남시 검단남로 48,127.224028,37.519184
2015-09-18,광명시,철산1동,02-2680-6608,423829,경기도 광명시 철산동 9-141번지,경기도 광명시 사성로 121,126.867862,37.490742
2015-09-18,광명시,철산2동,02-2680-6609,423831,경기도 광명시 철산동 154번지,경기도 광명시 시청로 94,126.8666222,37.4846893
2015-09-18,광명시,철산3동,02-2680-5201,423033,경기도 광명시 철산동 449-1번지,경기도 광명시 철산로 56,126.8722073,37.4769468
2015-09-18,광명시,철산4동,02-2680-6611,423034,경기도 광명시 철산동 489-2번지,경기도 광명시 도덕공원로 60,126.8645021,37.474091
2015-09-18,의왕시,청계동,031-345-3271,437120,경기도 의왕시 포일동 602-15번지,경기도 의왕시 안양판교로 232,126.9959664,37.3885865
2015-09-18,평택시,청북면,031-8024-8860,451831,경기도 평택시 청북읍 현곡리 293-4번지,경기도 평택시 청북읍 청원로 2,126.9342574,37.039808
2015-09-18,연천군,청산면,031-839-2604,486850,경기도 연천군 청산면 초성리 440-15번지,경기도 연천군 청산면 청신로 71,127.0677713,37.9817276
2015-09-18,양평군,청운면,031-770-3221,476863,경기도 양평군 청운면 용두리 625-1번지,경기도 양평군 청운면 용두로 170,127.7107225,37.5562554
2015-09-18,가평군,청평면,031-584-3001,477815,경기도 가평군 청평면 청평리 333-1번지,경기도 가평군 청평면 은고개로 19,127.4241733,37.7404481
2015-09-18,광주시,초월읍,031-760-4898,464862,경기도 광주시 초월읍 대쌍령리 211-2번지,경기도 광주시 초월읍 경충대로 1241,127.2879426,37.3852446
2015-09-18,하남시,초이동,031-790-6610,465220,경기도 하남시 초이동 276-5번지,경기도 하남시 초이로 65,127.1708668,37.536629
2015-09-18,안산시,초지동,031-481-6607,425854,경기도 안산시 단원구 초지동 728-1번지,경기도 안산시 단원구 초지동로 67,126.8168644,37.309976
2015-09-18,오산시,초평동,031-370-6350,447190,경기도 오산시 벌음동 243-1번지,경기도 오산시 발안로 1308-9,127.040658,37.1398415
2015-09-18,하남시,춘궁동,031-790-6609,465060,경기도 하남시 춘궁동 333-2번지,경기도 하남시 서하남로 490,127.1941462,37.5221662
2015-09-18,부천시,춘의동,032-625-5762,420120,경기도 부천시 춘의동 171-56번지,경기도 부천시 부천로209번길 19,126.7858912,37.5026628
2015-09-18,고양시,탄현동,031-807-5780-5~7,411841,경기도 고양시 일산서구 탄현동 1488-3번지,경기도 고양시 일산서구 홀트로 36,126.768389,37.694264
2015-09-18,파주시,탄현면,031-940-8081,413843,경기도 파주시 탄현면 축현리 877-1번지,경기도 파주시 탄현면 방촌로649번길 24-7,126.7161589,37.8024773
2015-09-18,수원시,태장동,031-228-8762,443400,경기도 수원시 영통구 망포동 234-43번지,경기도 수원시 영통구 태장로54번길 10,127.0516158,37.2388486
2015-09-18,성남시,태평1동,031-729-5670,461855,경기도 성남시 수정구 태평동 6932번지,경기도 성남시 수정구 모란로 88,127.1261626,37.4407639
2015-09-18,성남시,태평2동,031-729-5690,461825,경기도 성남시 수정구 태평동 3307-2번지,경기도 성남시 수정구 남문로 108,127.1387084,37.4471327
2015-09-18,성남시,태평3동,031-729-5710,461827,경기도 성남시 수정구 태평동 3752-1번지,경기도 성남시 수정구 남문로 54,127.1330728,37.4453407
2015-09-18,성남시,태평4동,031-729-5730,461852,경기도 성남시 수정구 태평동 7293번지,경기도 성남시 수정구 남문로 132,127.141395,37.4479476
2015-09-18,평택시,통복동,031-8024-5740,450040,경기도 평택시 통복동 541번지,경기도 평택시 통복시장로48번길 41,127.0872793,37.0007991
2015-09-18,김포시,통진읍,031-980-5303,415860,경기도 김포시 통진읍 마송리 111-27번지,경기도 김포시 통진읍 김포대로2250번길 24-11,126.5972968,37.6917918
2015-09-18,남양주시,퇴계원면,031-590-2607,472820,경기도 남양주시 퇴계원면 퇴계원리 221-3번지,경기도 남양주시 퇴계원면 도제원로 13,127.1446671,37.6489851
2015-09-18,광주시,퇴촌면,031-760-4959,464841,경기도 광주시 퇴촌면 광동리 327-1번지,경기도 광주시 퇴촌면 탑골길 6,127.307124,37.4669039
2015-09-18,수원시,파장동,031-228-5744,440854,경기도 수원시 장안구 파장동 584-6번지,경기도 수원시 장안구 경수대로1073번길 11,126.9947975,37.3084021
2015-09-18,파주시,파주시청,031-940-4114,413719,경기도 파주시 아동동 215-1번지,경기도 파주시 시청로 50,126.7798768,37.7600413
2015-09-18,파주시,파주읍,031-940-8021,413864,경기도 파주시 파주읍 파주리 146-1번지,경기도 파주시 파주읍 술이홀로 295,126.8200104,37.8307195
2015-09-18,파주시,파평면,031-940-8161,413881,경기도 파주시 파평면 금파리 285-5번지,경기도 파주시 파평면 청송로 189-21,126.8379583,37.9219322
2015-09-18,성남시,판교동,031-729-7890,463410,경기도 성남시 분당구 판교동 575번지,경기도 성남시 분당구 서판교로32번길 9,127.098673,37.3899222
2015-09-18,수원시,팔달구청,031-228-7114,442765,경기도 수원시 팔달구 우만동 228번지,경기도 수원시 팔달구 월드컵로 310,127.0350129,37.2872479
2015-09-18,화성시,팔탄면,031-369-278-1~7,445911,경기도 화성시 팔탄면 구장리 530-1번지,경기도 화성시 팔탄면 서촌길 19,126.9031469,37.1614019
2015-09-18,평택시,팽성읍,031-8024-5610,451801,경기도 평택시 팽성읍 객사리 170-2번지,경기도 평택시 팽성읍 동서촌로 89,127.0623454,36.9651751
2015-09-18,수원시,평  동,031-228-6154,441230,경기도 수원시 권선구 평동 35-6번지,경기도 수원시 권선구 평동로76번길 13,126.9941697,37.2580592
2015-09-18,남양주시,평내동,031-590-2662,472140,경기도 남양주시 평내동 588-2번지,경기도 남양주시 경춘로 1286,127.236065,37.6483799
2015-09-18,안양시,평안동,031-8045-4690,431828,경기도 안양시 동안구 평촌동 896-4번지,경기도 안양시 동안구 관평로138번길 39,126.9642706,37.3904012
2015-09-18,안양시,평촌동,031-8045-4680,431070,경기도 안양시 동안구 평촌동 133-8번지,경기도 안양시 동안구 흥안대로 394,126.9736933,37.389391
2015-09-18,평택시,평택시청,031-8024-5000,450702,경기도 평택시 비전동 846번지,경기도 평택시 경기대로 245,127.1125266,36.9923004
2015-09-18,용인시,포곡읍,031-324-553-1~3,449814,경기도 용인시 처인구 포곡읍 삼계리 588-5번지,경기도 용인시 처인구 포곡읍 포곡로 258,127.2308211,37.2778194
2015-09-18,평택시,포승읍,031-8024-8710,415823,경기도 평택시 포승읍 방림리 52-13번지,경기도 평택시 포승읍 서동대로 1174-16,126.8855647,36.9825921
2015-09-18,포천시,포천동,031-538-3913,487804,경기도 포천시 신읍동 169-2번지,경기도 포천시 중앙로119번길 26,127.2003234,37.8982182
2015-09-18,포천시,포천시청,031-538-2114,487701,경기도 포천시 신읍동 58-2번지,경기도 포천시 중앙로 87,127.2003411,37.8947009
2015-09-18,용인시,풍덕천1동,031-324-8601,448171,경기도 용인시 수지구 풍덕천동 701-1번지,경기도 용인시 수지구 수지로342번길 3,127.0950264,37.3279561
2015-09-18,용인시,풍덕천2동,031-324-8621,448172,경기도 용인시 수지구 풍덕천동 1051-2번지,경기도 용인시 수지구 풍덕천로 51,127.0887791,37.3194624
2015-09-18,김포시,풍무동,031-980-5383,415070,경기도 김포시 풍무동 804번지,경기도 김포시 풍무로 74,126.7220359,37.6021474
2015-09-18,고양시,풍산동,031-8075-6741,410843,경기도 고양시 일산동구 풍동 349-16번지,경기도 고양시 일산동구 숲속마을1로 36,126.7998631,37.6640838
2015-09-18,하남시,풍산동,031-790-6607,465170,경기도 하남시 풍산동 244-11번지,경기도 하남시 하남대로 1037-4,127.1850903,37.5490197
2015-09-18,남양주시,풍양출장소,031-590-8399,472824,경기도 남양주시 퇴계원면 퇴계원리 314-15번지 일석빌딩 B동,경기도 남양주시 퇴계원면 경춘북로 525,127.1419264,37.6474352
2015-09-18,하남시,하남시청,031-790-6114,465701,경기도 하남시 신장동 520번지 하남시청,경기도 하남시 대청로 10,127.2155298,37.5390571
2015-09-18,성남시,하대원동,031-729-6790,462839,경기도 성남시 중원구 하대원동 145-1번지,경기도 성남시 중원구 둔촌대로 252,127.1463609,37.428285
2015-09-18,가평군,하면,031-585-3001,477834,경기도 가평군 조종면 현리 567-7번지,경기도 가평군 조종면 조종내길 71,127.3532455,37.8175229
2015-09-18,김포시,하성면,031-980-5361,415880,경기도 김포시 하성면 마곡리 623-3번지,경기도 김포시 하성면 애기봉로 845,126.6313379,37.7201792
2015-09-18,광명시,하안1동,02-2680-6612,423061,경기도 광명시 하안동 684-2번지,경기도 광명시 오리로 747,126.869133,37.465122
2015-09-18,광명시,하안2동,02-2680-6613,423855,경기도 광명시 하안동 682-3번지,경기도 광명시 안현로 25,126.874724,37.464703
2015-09-18,광명시,하안3동,02-2680-6614,423825,경기도 광명시 하안동 260-1번지,경기도 광명시 금당로 28,126.8816196,37.458713
2015-09-18,광명시,하안4동,02-2680-6615,423845,경기도 광명시 하안동 30-2번지,경기도 광명시 안현로 54,126.8777291,37.4657117
2015-09-18,광명시,학온동,02-2680-6618,423070,경기도 광명시 가학동 545-3번지,경기도 광명시 서독로104번길 14,126.851346,37.4154589
2015-09-18,수원시,행궁동,031-228-7603,442040,경기도 수원시 팔달구 신풍동 100번지,경기도 수원시 팔달구 신풍로23번길 40,127.0126477,37.2840483
2015-09-18,고양시,행신1동,031-8075-5907,412221,경기도 고양시 덕양구 행신동 992번지,경기도 고양시 덕양구 중앙로 541-12,126.835872,37.622274
2015-09-18,고양시,행신2동,031-8075-5940,412222,경기도 고양시 덕양구 행신동 717번지,경기도 고양시 덕양구 충경로 30,126.833005,37.615118
2015-09-18,고양시,행신3동,031-8075-5948,412223,경기도 고양시 덕양구 행신동 933번지,경기도 고양시 덕양구 중앙로558번길 78,126.838583,37.626336
2015-09-18,고양시,행주동,031-8075-5888,412210,경기도 고양시 덕양구 토당동 885-9번지 A동,경기도 고양시 덕양구 지도로14번길 11,126.825412,37.618407
2015-09-18,화성시,향남읍,031-369-281-1~7,445926,경기도 화성시 향남읍 행정리 287-1번지,경기도 화성시 향남읍 발안로 89,126.9203259,37.1324258
2015-09-18,평택시,현덕면,031-8024-8910,451813,경기도 평택시 현덕면 인광리 402-12번지,경기도 평택시 현덕면 인광길 84,126.921491,36.9673461
2015-09-18,안양시,호계1동,031-8045-4710,431081,경기도 안양시 동안구 호계동 1003-7번지 (1003-7외 1),경기도 안양시 동안구 경수대로 538,126.9583099,37.3708651
2015-09-18,안양시,호계2동,031-8045-4720,431082,경기도 안양시 동안구 호계동 933-18번지,경기도 안양시 동안구 경수대로665번길 11,126.9526451,37.3811887
2015-09-18,안양시,호계3동,031-8045-4730,431083,경기도 안양시 동안구 호계동 972-9번지 양우내안애팰리스 (768-5외 1),경기도 안양시 동안구 흥안대로94번길 68,126.9569937,37.366601
2015-09-18,이천시,호법면,031-632-9001,467820,경기도 이천시 호법면 후안리 246번지,경기도 이천시 호법면 이섭대천로527번길 27,127.4247833,37.2231191
2015-09-18,안산시,호수동,031-481-6611,425807,경기도 안산시 단원구 고잔동 712-2번지,경기도 안산시 단원구 광덕2로 125,126.8243855,37.3102794
2015-09-18,의정부시,호원1동,031-828-4140,480021,경기도 의정부시 호원동 456-5번지,경기도 의정부시 평화로230번길 12-9,127.0487576,37.7119917
2015-09-18,의정부시,호원2동,031-828-4340,480022,경기도 의정부시 호원동 319-2번지,경기도 의정부시 신흥로 115,127.0431136,37.7264599
2015-09-18,남양주시,호평동,031-590-2661,472120,남양주시 호평로 63번길 21(호평동  669),,127.2470282,37.6562717
2015-09-18,남양주시,화도읍,031-590-2603,472845,경기도 남양주시 화도읍 마석우리 548번지,경기도 남양주시 화도읍 비룡로 59,127.3007103,37.6578481
2015-09-18,화성시,화산동,031-369-4600,445380,경기도 화성시 안녕동 19-2번지,경기도 화성시 용주로 22,127.0142838,37.2054589
2015-09-18,수원시,화서1동,031-228-7727,442863,경기도 수원시 팔달구 화서동 184-357번지,경기도 수원시 팔달구 동말로4번길 10,126.9950343,37.2764224
2015-09-18,수원시,화서2동,031-228-7608,442870,경기도 수원시 팔달구 화서동 689-1번지,경기도 수원시 팔달구 화산로6번길 6,126.9862829,37.2850897
2015-09-18,화성시,화성시청,031-1577-4200,445702,경기도 화성시 남양읍 남양리 2000번지,경기도 화성시 남양읍 시청로 159,126.8302473,37.1975026
2015-09-18,고양시,화전동,031-8075-5968,412160,경기도 고양시 덕양구 화전동 226-13번지,경기도 고양시 덕양구 중앙로 131,126.8726448,37.6000383
2015-09-18,고양시,화정1동,031-8075-5848,412271,경기도 고양시 덕양구 화정동 864번지,경기도 고양시 덕양구 화중로 197,126.833455,37.644638
2015-09-18,고양시,화정2동,031-8075-5868,412272,경기도 고양시 덕양구 화정동 994번지,경기도 고양시 덕양구 화신로 232,126.835786,37.630534
2015-09-18,포천시,화현면,031-538-3912,487841,경기도 포천시 화현면 화현리 874-31번지,경기도 포천시 화현면 달인동로1길 55,127.2880764,37.901193
2015-09-18,양주시,회천1동,031-8082-7783,482060,경기도 양주시 덕정동 140-1번지,경기도 양주시 덕정길 67,127.0661364,37.8441726
2015-09-18,양주시,회천2동,031-8082-7804,482050,경기도 양주시 덕계동 477-4번지,경기도 양주시 평화로1479번길 22,127.0476808,37.8225045
2015-09-18,양주시,회천3동,031-8082-7824,482060,경기도 양주시 덕정동 206-6번지,경기도 양주시 회정로 143,127.0689254,37.8378282
2015-09-18,양주시,회천4동,031-8082-7845,482130,경기도 양주시 옥정동 165-5(이전 후 새주소 부여 예정),경기도 양주시 옥정로 369-15,127.0902632,37.832891
2015-09-18,고양시,효자동,031-8075-5742,412120,경기도 고양시 덕양구 지축동 522-12번지,경기도 고양시 덕양구 일영로 61,126.920588,37.651697
2015-09-18,고양시,흥도동,031-8075-5687,412020,경기도 고양시 덕양구 성사동 34-1번지,경기도 고양시 덕양구 흥도로454번길 44,126.85433,37.64493
2015-09-18,여주시,흥천면,031-887-3874,469823,경기도 여주시 흥천면 효지리 376-6번지,경기도 여주시 흥천면 효자로 154,127.5412499,37.3330707
